Dataset1,Dataset2,IID,SID,OrgName,AccName,Trait,OrgVal,n
SG04,NA,1-1,NA,Pterocarpus indicus,NA,Area_mm2,49409.64091098117,3
SG04,NA,1-1,NA,Pterocarpus indicus,NA,LDMC,0.4129130842990253,3
SG04,NA,1-1,NA,Pterocarpus indicus,NA,SLA,14.42964236079744,3
SG04,NA,1-1,NA,Pterocarpus indicus,NA,Th,0.209,3
SG04,NA,1-2,NA,Pterocarpus indicus,NA,Area_mm2,60694.43797725924,3
SG04,NA,1-2,NA,Pterocarpus indicus,NA,LDMC,0.3013678862756706,3
SG04,NA,1-2,NA,Pterocarpus indicus,NA,SLA,19.623020899656364,3
SG04,NA,1-2,NA,Pterocarpus indicus,NA,Th,0.18,3
SG04,NA,1-3,NA,Pterocarpus indicus,NA,Area_mm2,47006.97904067791,3
SG04,NA,1-3,NA,Pterocarpus indicus,NA,LDMC,0.27495656461438595,3
SG04,NA,1-3,NA,Pterocarpus indicus,NA,SLA,26.137697677152918,3
SG04,NA,1-3,NA,Pterocarpus indicus,NA,Th,0.17666666666666667,3
SG04,NA,10-1,NA,Adinandra dumosa,NA,Area_mm2,4309.695100385825,3
SG04,NA,10-1,NA,Adinandra dumosa,NA,LDMC,0.4605177581284642,3
SG04,NA,10-1,NA,Adinandra dumosa,NA,SLA,8.566487126820624,3
SG04,NA,10-1,NA,Adinandra dumosa,NA,Th,0.29866666666666664,3
SG04,NA,10-2,NA,Adinandra dumosa,NA,Area_mm2,6600.727563901976,6
SG04,NA,10-2,NA,Adinandra dumosa,NA,LDMC,0.4348914146473794,6
SG04,NA,10-2,NA,Adinandra dumosa,NA,SLA,8.272262771463737,6
SG04,NA,10-2,NA,Adinandra dumosa,NA,Th,0.31166666666666665,6
SG04,NA,10-3,NA,Adinandra dumosa,NA,Area_mm2,3375.747144010197,3
SG04,NA,10-3,NA,Adinandra dumosa,NA,LDMC,0.423402974929956,3
SG04,NA,10-3,NA,Adinandra dumosa,NA,SLA,8.394986750254173,3
SG04,NA,10-3,NA,Adinandra dumosa,NA,Th,0.30566666666666664,3
SG04,NA,10-4,NA,Adinandra dumosa,NA,Area_mm2,3607.6726069501256,3
SG04,NA,10-4,NA,Adinandra dumosa,NA,LDMC,0.3412586168747005,3
SG04,NA,10-4,NA,Adinandra dumosa,NA,SLA,11.456403674293346,3
SG04,NA,10-4,NA,Adinandra dumosa,NA,Th,0.30433333333333334,3
SG04,NA,100-1,NA,Campnosperma auriculatum,NA,Area_mm2,21539.154134635064,3
SG04,NA,100-1,NA,Campnosperma auriculatum,NA,LDMC,0.4225632134932289,3
SG04,NA,100-1,NA,Campnosperma auriculatum,NA,SLA,6.976694921733965,3
SG04,NA,100-1,NA,Campnosperma auriculatum,NA,Th,0.30466666666666664,3
SG04,NA,100-2,NA,Campnosperma auriculatum,NA,Area_mm2,13456.030485791402,3
SG04,NA,100-2,NA,Campnosperma auriculatum,NA,LDMC,0.5042741185959208,3
SG04,NA,100-2,NA,Campnosperma auriculatum,NA,SLA,5.651070503757806,3
SG04,NA,100-2,NA,Campnosperma auriculatum,NA,Th,0.33,3
SG04,NA,101-1,NA,Elaeocarpus ferrugineus,NA,Area_mm2,25624.350280553128,3
SG04,NA,101-1,NA,Elaeocarpus ferrugineus,NA,LDMC,0.489027465416268,3
SG04,NA,101-1,NA,Elaeocarpus ferrugineus,NA,SLA,8.936855205133115,3
SG04,NA,101-1,NA,Elaeocarpus ferrugineus,NA,Th,0.26333333333333336,3
SG04,NA,102-1,NA,Antidesma bunius,NA,Area_mm2,10623.01344114073,3
SG04,NA,102-1,NA,Antidesma bunius,NA,LDMC,0.3017744278581174,3
SG04,NA,102-1,NA,Antidesma bunius,NA,SLA,7.902070328983707,3
SG04,NA,102-1,NA,Antidesma bunius,NA,Th,0.46099999999999997,3
SG04,NA,102-2,NA,Antidesma bunius,NA,Area_mm2,9750.162136993198,3
SG04,NA,102-2,NA,Antidesma bunius,NA,LDMC,0.24882944157712691,3
SG04,NA,102-2,NA,Antidesma bunius,NA,SLA,10.083836728222042,3
SG04,NA,102-2,NA,Antidesma bunius,NA,Th,0.44566666666666666,3
SG04,NA,103-1,NA,Lithocarpus ewyckii,NA,Area_mm2,5702.9157361057005,3
SG04,NA,103-1,NA,Lithocarpus ewyckii,NA,LDMC,0.5125103339626939,3
SG04,NA,103-1,NA,Lithocarpus ewyckii,NA,SLA,14.682493218230563,3
SG04,NA,103-1,NA,Lithocarpus ewyckii,NA,Th,0.159,3
SG04,NA,104-1,NA,Aporosa benthamiana,NA,Area_mm2,13929.4321691884,3
SG04,NA,104-1,NA,Aporosa benthamiana,NA,LDMC,0.3472410628125664,3
SG04,NA,104-1,NA,Aporosa benthamiana,NA,SLA,12.695000978594326,3
SG04,NA,104-1,NA,Aporosa benthamiana,NA,Th,0.25666666666666665,3
SG04,NA,104-2,NA,Aporosa benthamiana,NA,Area_mm2,16560.52846997412,3
SG04,NA,104-2,NA,Aporosa benthamiana,NA,LDMC,0.3309744573979361,3
SG04,NA,104-2,NA,Aporosa benthamiana,NA,SLA,13.918318911762748,3
SG04,NA,104-2,NA,Aporosa benthamiana,NA,Th,0.25333333333333335,3
SG04,NA,104-3,NA,Aporosa benthamiana,NA,Area_mm2,20502.618569431997,3
SG04,NA,104-3,NA,Aporosa benthamiana,NA,LDMC,0.36501507535534644,3
SG04,NA,104-3,NA,Aporosa benthamiana,NA,SLA,11.163845266808313,3
SG04,NA,104-3,NA,Aporosa benthamiana,NA,Th,0.27233333333333337,3
SG04,NA,104-4,NA,Aporosa benthamiana,NA,WD_twig,0.5329343178071483,3
SG04,NA,105-1,NA,Ficus aurata,NA,Area_mm2,11190.324136592026,3
SG04,NA,105-1,NA,Ficus aurata,NA,LDMC,0.339792761817267,3
SG04,NA,105-1,NA,Ficus aurata,NA,SLA,17.337096467766735,3
SG04,NA,105-1,NA,Ficus aurata,NA,Th,0.29766666666666663,3
SG04,NA,105-2,NA,Ficus aurata,NA,Area_mm2,15650.064337686168,3
SG04,NA,105-2,NA,Ficus aurata,NA,LDMC,0.33560383294738955,3
SG04,NA,105-2,NA,Ficus aurata,NA,SLA,18.06903351603869,3
SG04,NA,105-2,NA,Ficus aurata,NA,Th,0.287,3
SG04,NA,105-3,NA,Ficus aurata,NA,Area_mm2,7998.892036825494,3
SG04,NA,105-3,NA,Ficus aurata,NA,LDMC,0.37467655435329406,3
SG04,NA,105-3,NA,Ficus aurata,NA,SLA,15.829983541324182,3
SG04,NA,105-3,NA,Ficus aurata,NA,Th,0.2886666666666667,3
SG04,NA,106-1,NA,Maesa ramentacea,NA,Area_mm2,7787.931884482353,3
SG04,NA,106-1,NA,Maesa ramentacea,NA,LDMC,0.27090206014772783,3
SG04,NA,106-1,NA,Maesa ramentacea,NA,SLA,19.424328555418,3
SG04,NA,106-1,NA,Maesa ramentacea,NA,Th,0.20666666666666667,3
SG04,NA,107-1,NA,Trema cannabina,NA,Area_mm2,1126.3729007977179,3
SG04,NA,107-1,NA,Trema cannabina,NA,LDMC,0.2960383619504247,3
SG04,NA,107-1,NA,Trema cannabina,NA,SLA,24.4993661193469,3
SG04,NA,107-1,NA,Trema cannabina,NA,Th,0.19533333333333333,3
SG04,NA,107-2,NA,Trema cannabina,NA,Area_mm2,1944.0032877020567,3
SG04,NA,107-2,NA,Trema cannabina,NA,LDMC,0.3129722185445077,3
SG04,NA,107-2,NA,Trema cannabina,NA,SLA,23.427838329877595,3
SG04,NA,107-2,NA,Trema cannabina,NA,Th,0.16433333333333333,3
SG04,NA,108-1,NA,Symplocos fasciculata,NA,Area_mm2,1584.5750924342656,3
SG04,NA,108-1,NA,Symplocos fasciculata,NA,LDMC,0.2840168687036109,3
SG04,NA,108-1,NA,Symplocos fasciculata,NA,SLA,25.00580930566373,3
SG04,NA,108-1,NA,Symplocos fasciculata,NA,Th,0.14766666666666667,3
SG04,NA,109-1,NA,Champereia manillana,NA,Area_mm2,6371.260877415671,3
SG04,NA,109-1,NA,Champereia manillana,NA,LDMC,0.2905390226822674,3
SG04,NA,109-1,NA,Champereia manillana,NA,SLA,16.302312219260344,3
SG04,NA,109-1,NA,Champereia manillana,NA,Th,0.199,3
SG04,NA,109-2,NA,Champereia manillana,NA,Area_mm2,3605.2090515335212,3
SG04,NA,109-2,NA,Champereia manillana,NA,LDMC,0.30299977664587047,3
SG04,NA,109-2,NA,Champereia manillana,NA,SLA,14.082651919563851,3
SG04,NA,109-2,NA,Champereia manillana,NA,Th,0.22433333333333333,3
SG04,NA,11-1,NA,Acacia auriculiformis,NA,Area_mm2,2708.31000566658,3
SG04,NA,11-1,NA,Acacia auriculiformis,NA,LDMC,0.37404479578392624,3
SG04,NA,11-1,NA,Acacia auriculiformis,NA,SLA,13.148148518240989,3
SG04,NA,11-1,NA,Acacia auriculiformis,NA,Th,0.278,3
SG04,NA,11-2,NA,Acacia auriculiformis,NA,Area_mm2,2176.8606484232428,3
SG04,NA,11-2,NA,Acacia auriculiformis,NA,LDMC,0.421835508157695,3
SG04,NA,11-2,NA,Acacia auriculiformis,NA,SLA,8.031701917696148,3
SG04,NA,11-2,NA,Acacia auriculiformis,NA,Th,0.2976666666666667,3
SG04,NA,11-3,NA,Acacia auriculiformis,NA,Area_mm2,1625.5570894761538,3
SG04,NA,11-3,NA,Acacia auriculiformis,NA,LDMC,0.42378474465007593,3
SG04,NA,11-3,NA,Acacia auriculiformis,NA,SLA,10.956991424215383,3
SG04,NA,11-3,NA,Acacia auriculiformis,NA,Th,0.23,3
SG04,NA,11-4,NA,Acacia auriculiformis,NA,Area_mm2,2537.579163695851,3
SG04,NA,11-4,NA,Acacia auriculiformis,NA,LDMC,0.40190673607932403,3
SG04,NA,11-4,NA,Acacia auriculiformis,NA,SLA,10.14611313197971,3
SG04,NA,11-4,NA,Acacia auriculiformis,NA,Th,0.2653333333333333,3
SG04,NA,110-1,NA,Syzygium malaccense,NA,Area_mm2,12656.297315250176,3
SG04,NA,110-1,NA,Syzygium malaccense,NA,LDMC,0.288421774303268,3
SG04,NA,110-1,NA,Syzygium malaccense,NA,SLA,13.792027410563353,3
SG04,NA,110-1,NA,Syzygium malaccense,NA,Th,0.271,3
SG04,NA,111-1,NA,Breynia discigera,NA,Area_mm2,778.8252075002067,3
SG04,NA,111-1,NA,Breynia discigera,NA,LDMC,0.2994989124021382,3
SG04,NA,111-1,NA,Breynia discigera,NA,SLA,38.865783901025786,3
SG04,NA,111-1,NA,Breynia discigera,NA,Th,0.16333333333333333,3
SG04,NA,111-2,NA,Breynia discigera,NA,Area_mm2,1573.6432146156753,3
SG04,NA,111-2,NA,Breynia discigera,NA,LDMC,0.28592028031618244,3
SG04,NA,111-2,NA,Breynia discigera,NA,SLA,58.88040112683497,3
SG04,NA,111-2,NA,Breynia discigera,NA,Th,0.14,3
SG04,NA,111-3,NA,Breynia discigera,NA,Area_mm2,1521.413928198464,3
SG04,NA,111-3,NA,Breynia discigera,NA,LDMC,0.3400531333020785,3
SG04,NA,111-3,NA,Breynia discigera,NA,SLA,56.263177209555366,3
SG04,NA,111-3,NA,Breynia discigera,NA,Th,0.14566666666666667,3
SG04,NA,111-3,NA,Breynia discigera,NA,WD_twig,0.5713443934223574,2
SG04,NA,112-1,NA,Pithecellobium dulce,NA,Area_mm2,1496.0663085482772,3
SG04,NA,112-1,NA,Pithecellobium dulce,NA,LDMC,0.42727488385090295,3
SG04,NA,112-1,NA,Pithecellobium dulce,NA,SLA,19.306344999012087,3
SG04,NA,112-1,NA,Pithecellobium dulce,NA,Th,0.171,3
SG04,NA,112-2,NA,Pithecellobium dulce,NA,Area_mm2,1721.3824656857537,3
SG04,NA,112-2,NA,Pithecellobium dulce,NA,LDMC,0.3810289944262501,3
SG04,NA,112-2,NA,Pithecellobium dulce,NA,SLA,24.543955547081016,3
SG04,NA,112-2,NA,Pithecellobium dulce,NA,Th,0.15666666666666668,3
SG04,NA,113-1,NA,Buchanania sessifolia,NA,Area_mm2,10857.653355053757,3
SG04,NA,113-1,NA,Buchanania sessifolia,NA,LDMC,0.23022786121693928,3
SG04,NA,113-1,NA,Buchanania sessifolia,NA,SLA,18.680546292225987,3
SG04,NA,113-1,NA,Buchanania sessifolia,NA,Th,0.22333333333333333,3
SG04,NA,114-1,NA,Macaranga recurvata,NA,Area_mm2,33664.23865130945,3
SG04,NA,114-1,NA,Macaranga recurvata,NA,LDMC,0.3588604500148955,3
SG04,NA,114-1,NA,Macaranga recurvata,NA,SLA,21.929384648279225,3
SG04,NA,114-1,NA,Macaranga recurvata,NA,Th,0.16,3
SG04,NA,114-2,NA,Macaranga recurvata,NA,Area_mm2,24340.24292761098,3
SG04,NA,114-2,NA,Macaranga recurvata,NA,LDMC,0.37488076940809223,3
SG04,NA,114-2,NA,Macaranga recurvata,NA,SLA,20.951847285612704,3
SG04,NA,114-2,NA,Macaranga recurvata,NA,Th,0.15233333333333335,3
SG04,NA,115-1,NA,Aidia densiflora,NA,Area_mm2,4813.789673527037,3
SG04,NA,115-1,NA,Aidia densiflora,NA,LDMC,0.32663907457260255,3
SG04,NA,115-1,NA,Aidia densiflora,NA,SLA,44.42603493800337,3
SG04,NA,115-1,NA,Aidia densiflora,NA,Th,0.101,3
SG04,NA,115-1,NA,Aidia densiflora,NA,WD,0.6702127659574468,1
SG04,NA,116-1,NA,Licania splendens,NA,Area_mm2,3424.1150283389184,3
SG04,NA,116-1,NA,Licania splendens,NA,LDMC,0.41563771219303325,3
SG04,NA,116-1,NA,Licania splendens,NA,SLA,13.042717255489832,3
SG04,NA,116-1,NA,Licania splendens,NA,Th,0.25666666666666665,3
SG04,NA,116-2,NA,Licania splendens,NA,Area_mm2,3947.9371606648915,3
SG04,NA,116-2,NA,Licania splendens,NA,LDMC,0.4038359003048686,3
SG04,NA,116-2,NA,Licania splendens,NA,SLA,9.27065605562722,3
SG04,NA,116-2,NA,Licania splendens,NA,Th,0.2876666666666666,3
SG04,NA,117-1,NA,Maranthes corymbosa,NA,Area_mm2,6431.79600149352,3
SG04,NA,117-1,NA,Maranthes corymbosa,NA,LDMC,0.4132259679309433,3
SG04,NA,117-1,NA,Maranthes corymbosa,NA,SLA,16.60150275588548,3
SG04,NA,117-1,NA,Maranthes corymbosa,NA,Th,0.17866666666666667,3
SG04,NA,118-1,NA,Guioa pubescens,NA,WD_twig,0.6110516410084806,3
SG04,NA,118-1,NA,Ixora congesta,NA,Area_mm2,17035.344726413434,3
SG04,NA,118-1,NA,Ixora congesta,NA,LDMC,0.4625619910446416,3
SG04,NA,118-1,NA,Ixora congesta,NA,SLA,7.334293955886473,3
SG04,NA,118-1,NA,Ixora congesta,NA,Th,0.2823333333333333,3
SG04,NA,118-1,NA,Ixora congesta,NA,WD_twig,0.7785885541540707,1
SG04,NA,12-1,NA,Adenanthera pavonina,NA,Area_mm2,99695.79142227168,3
SG04,NA,12-1,NA,Adenanthera pavonina,NA,LDMC,0.31686444171595407,3
SG04,NA,12-1,NA,Adenanthera pavonina,NA,SLA,21.343687485912472,3
SG04,NA,12-1,NA,Adenanthera pavonina,NA,Th,0.17666666666666667,3
SG04,NA,12-2,NA,Adenanthera pavonina,NA,Area_mm2,66599.57672663842,2
SG04,NA,12-2,NA,Adenanthera pavonina,NA,LDMC,0.35185962020227524,3
SG04,NA,12-2,NA,Adenanthera pavonina,NA,SLA,27.479499785800467,2
SG04,NA,12-2,NA,Adenanthera pavonina,NA,Th,0.13,3
SG04,NA,12-3,NA,Adenanthera pavonina,NA,Area_mm2,98130.37519242748,3
SG04,NA,12-3,NA,Adenanthera pavonina,NA,LDMC,0.2930056666647836,3
SG04,NA,12-3,NA,Adenanthera pavonina,NA,SLA,28.027961732298984,3
SG04,NA,12-3,NA,Adenanthera pavonina,NA,Th,0.14133333333333334,3
SG04,NA,13-1,NA,Manihot esculenta,NA,Area_mm2,11926.621352526054,3
SG04,NA,13-1,NA,Manihot esculenta,NA,LDMC,0.37648590891673234,3
SG04,NA,13-1,NA,Manihot esculenta,NA,SLA,20.14619400012322,3
SG04,NA,13-1,NA,Manihot esculenta,NA,Th,0.17666666666666667,3
SG04,NA,13-2,NA,Manihot esculenta,NA,Area_mm2,61147.74173184046,3
SG04,NA,13-2,NA,Manihot esculenta,NA,LDMC,0.26342259768710374,3
SG04,NA,13-2,NA,Manihot esculenta,NA,SLA,27.536207668811485,3
SG04,NA,13-2,NA,Manihot esculenta,NA,Th,0.169,3
SG04,NA,13-3,NA,Manihot esculenta,NA,Area_mm2,65162.60110060704,3
SG04,NA,13-3,NA,Manihot esculenta,NA,LDMC,0.26149473041524623,3
SG04,NA,13-3,NA,Manihot esculenta,NA,SLA,33.14651069379545,3
SG04,NA,13-3,NA,Manihot esculenta,NA,Th,0.15666666666666668,3
SG04,NA,13-4,NA,Manihot esculenta,NA,Area_mm2,101523.09960242698,3
SG04,NA,13-4,NA,Manihot esculenta,NA,LDMC,0.24914956330067237,3
SG04,NA,13-4,NA,Manihot esculenta,NA,SLA,30.844630650794333,3
SG04,NA,13-4,NA,Manihot esculenta,NA,Th,0.13666666666666666,3
SG04,NA,13-5,NA,Manihot esculenta,NA,Area_mm2,43764.36424738696,3
SG04,NA,13-5,NA,Manihot esculenta,NA,LDMC,0.2233222720907534,3
SG04,NA,13-5,NA,Manihot esculenta,NA,SLA,37.184179639744514,3
SG04,NA,13-5,NA,Manihot esculenta,NA,Th,0.13233333333333333,3
SG04,NA,13-6,NA,Manihot esculenta,NA,WD_twig,0.24731764493733657,1
SG04,NA,14-1,NA,Hevea brasiliensis,NA,Area_mm2,28507.01358212989,3
SG04,NA,14-1,NA,Hevea brasiliensis,NA,LDMC,0.41141792268229893,3
SG04,NA,14-1,NA,Hevea brasiliensis,NA,SLA,16.878498103676424,3
SG04,NA,14-1,NA,Hevea brasiliensis,NA,Th,0.16899999999999998,3
SG04,NA,14-2,NA,Hevea brasiliensis,NA,Area_mm2,28098.847132902363,3
SG04,NA,14-2,NA,Hevea brasiliensis,NA,LDMC,0.38116417461915886,3
SG04,NA,14-2,NA,Hevea brasiliensis,NA,SLA,19.34953002571694,3
SG04,NA,14-2,NA,Hevea brasiliensis,NA,Th,0.15233333333333332,3
SG04,NA,14-3,NA,Hevea brasiliensis,NA,Area_mm2,21727.536076375392,3
SG04,NA,14-3,NA,Hevea brasiliensis,NA,LDMC,0.3758022577409539,3
SG04,NA,14-3,NA,Hevea brasiliensis,NA,SLA,22.080624865788643,3
SG04,NA,14-3,NA,Hevea brasiliensis,NA,Th,0.14566666666666667,3
SG04,NA,15-1,NA,Lantana camara,NA,Area_mm2,2355.742011757733,3
SG04,NA,15-1,NA,Lantana camara,NA,LDMC,0.3263220844133853,3
SG04,NA,15-1,NA,Lantana camara,NA,SLA,20.47678964103325,3
SG04,NA,15-1,NA,Lantana camara,NA,Th,0.18333333333333332,3
SG04,NA,15-2,NA,Lantana camara,NA,Area_mm2,1849.4347787564084,3
SG04,NA,15-2,NA,Lantana camara,NA,LDMC,0.26612392980515465,3
SG04,NA,15-2,NA,Lantana camara,NA,SLA,23.33700521268889,3
SG04,NA,15-2,NA,Lantana camara,NA,Th,0.248,3
SG04,NA,15-3,NA,Lantana camara,NA,Area_mm2,2080.5095862857543,3
SG04,NA,15-3,NA,Lantana camara,NA,LDMC,0.21415121528696415,3
SG04,NA,15-3,NA,Lantana camara,NA,SLA,27.38523629750959,3
SG04,NA,15-3,NA,Lantana camara,NA,Th,0.21100000000000002,3
SG04,NA,15-4,NA,Lantana camara,NA,WD,0.451926355267644,1
SG04,NA,16-1,NA,Clidemia hirta,NA,Area_mm2,5128.336237960603,3
SG04,NA,16-1,NA,Clidemia hirta,NA,LDMC,0.40653750054019233,3
SG04,NA,16-1,NA,Clidemia hirta,NA,SLA,19.19355834051034,3
SG04,NA,16-1,NA,Clidemia hirta,NA,Th,0.24233333333333335,3
SG04,NA,16-2,NA,Clidemia hirta,NA,Area_mm2,3933.946746538586,3
SG04,NA,16-2,NA,Clidemia hirta,NA,LDMC,0.34712034073789405,3
SG04,NA,16-2,NA,Clidemia hirta,NA,SLA,21.870892814574518,3
SG04,NA,16-2,NA,Clidemia hirta,NA,Th,0.241,3
SG04,NA,16-3,NA,Clidemia hirta,NA,Area_mm2,5337.900933113348,3
SG04,NA,16-3,NA,Clidemia hirta,NA,LDMC,0.4105482177867952,3
SG04,NA,16-3,NA,Clidemia hirta,NA,SLA,16.927386582495853,3
SG04,NA,16-3,NA,Clidemia hirta,NA,Th,0.2833333333333333,3
SG04,NA,16-4,NA,Clidemia hirta,NA,WD,0.4049135577797998,1
SG04,NA,17-1,NA,Ficus fistulosa,NA,Area_mm2,8466.47772227485,3
SG04,NA,17-1,NA,Ficus fistulosa,NA,LDMC,0.29340132451352474,3
SG04,NA,17-1,NA,Ficus fistulosa,NA,SLA,14.06573558116217,3
SG04,NA,17-1,NA,Ficus fistulosa,NA,Th,0.31666666666666665,3
SG04,NA,17-2,NA,Ficus fistulosa,NA,Area_mm2,5460.175479940211,3
SG04,NA,17-2,NA,Ficus fistulosa,NA,LDMC,0.40720238653258495,3
SG04,NA,17-2,NA,Ficus fistulosa,NA,SLA,11.411362078011505,3
SG04,NA,17-2,NA,Ficus fistulosa,NA,Th,0.21666666666666667,3
SG04,NA,17-3,NA,Ficus fistulosa,NA,Area_mm2,8260.901071729586,3
SG04,NA,17-3,NA,Ficus fistulosa,NA,LDMC,0.3155225460122587,3
SG04,NA,17-3,NA,Ficus fistulosa,NA,SLA,12.879056071412203,3
SG04,NA,17-3,NA,Ficus fistulosa,NA,Th,0.2786666666666667,3
SG04,NA,18-1,NA,Artocarpus heterophyllus,NA,Area_mm2,6750.488316312934,3
SG04,NA,18-1,NA,Artocarpus heterophyllus,NA,LDMC,0.3778016886738597,3
SG04,NA,18-1,NA,Artocarpus heterophyllus,NA,SLA,12.147603459040116,3
SG04,NA,18-1,NA,Artocarpus heterophyllus,NA,Th,0.30366666666666664,3
SG04,NA,18-2,NA,Artocarpus heterophyllus,NA,Area_mm2,4534.875057078348,3
SG04,NA,18-2,NA,Artocarpus heterophyllus,NA,LDMC,0.41093008530628056,3
SG04,NA,18-2,NA,Artocarpus heterophyllus,NA,SLA,9.45946219730742,3
SG04,NA,18-2,NA,Artocarpus heterophyllus,NA,Th,0.30666666666666664,3
SG04,NA,18-3,NA,Artocarpus heterophyllus,NA,Area_mm2,4961.287586966585,3
SG04,NA,18-3,NA,Artocarpus heterophyllus,NA,LDMC,0.3747451831382177,3
SG04,NA,18-3,NA,Artocarpus heterophyllus,NA,SLA,10.240083720892724,3
SG04,NA,18-3,NA,Artocarpus heterophyllus,NA,Th,0.29533333333333334,3
SG04,NA,19-1,NA,Morella esculenta,NA,Area_mm2,1674.1734798798773,3
SG04,NA,19-1,NA,Morella esculenta,NA,LDMC,0.480427807486631,3
SG04,NA,19-1,NA,Morella esculenta,NA,SLA,9.30092631760927,3
SG04,NA,19-1,NA,Morella esculenta,NA,Th,0.29766666666666663,3
SG04,NA,19-2,NA,Morella esculenta,NA,Area_mm2,2868.8974987105507,3
SG04,NA,19-2,NA,Morella esculenta,NA,LDMC,0.5174697167606217,3
SG04,NA,19-2,NA,Morella esculenta,NA,SLA,10.94191683596488,3
SG04,NA,19-2,NA,Morella esculenta,NA,Th,0.22666666666666668,3
SG04,NA,19-3,NA,Morella esculenta,NA,Area_mm2,2468.3439375114467,3
SG04,NA,19-3,NA,Morella esculenta,NA,LDMC,0.513513270265,3
SG04,NA,19-3,NA,Morella esculenta,NA,SLA,10.548639199667972,3
SG04,NA,19-3,NA,Morella esculenta,NA,Th,0.22233333333333333,3
SG04,NA,19-4,NA,Morella esculenta,NA,WD_twig,0.67000100030009,1
SG04,NA,19-5,NA,Morella esculenta,NA,WD_twig,0.6688433868289984,1
SG04,NA,2-1,NA,Terminalia catappa,NA,Area_mm2,23674.124783050065,3
SG04,NA,2-1,NA,Terminalia catappa,NA,LDMC,0.3498129320086796,3
SG04,NA,2-1,NA,Terminalia catappa,NA,SLA,10.24615560796555,3
SG04,NA,2-1,NA,Terminalia catappa,NA,Th,0.25233333333333335,3
SG04,NA,2-2,NA,Terminalia catappa,NA,Area_mm2,16268.846853922212,3
SG04,NA,2-2,NA,Terminalia catappa,NA,LDMC,0.3209607489253563,3
SG04,NA,2-2,NA,Terminalia catappa,NA,SLA,10.467150337675683,3
SG04,NA,2-2,NA,Terminalia catappa,NA,Th,0.26566666666666666,3
SG04,NA,2-3,NA,Terminalia catappa,NA,Area_mm2,23175.798418226685,3
SG04,NA,2-3,NA,Terminalia catappa,NA,LDMC,0.36254683026945034,3
SG04,NA,2-3,NA,Terminalia catappa,NA,SLA,10.434146946605347,3
SG04,NA,2-3,NA,Terminalia catappa,NA,Th,0.27666666666666667,3
SG04,NA,20-1,NA,Acacia mangium,NA,Area_mm2,3083.6210844010743,3
SG04,NA,20-1,NA,Acacia mangium,NA,LDMC,0.3560392792779123,3
SG04,NA,20-1,NA,Acacia mangium,NA,SLA,12.460503670028764,3
SG04,NA,20-1,NA,Acacia mangium,NA,Th,0.24633333333333335,3
SG04,NA,20-2,NA,Acacia mangium,NA,Area_mm2,6688.825356971614,3
SG04,NA,20-2,NA,Acacia mangium,NA,LDMC,0.3018583903887412,3
SG04,NA,20-2,NA,Acacia mangium,NA,SLA,17.02630616536052,3
SG04,NA,20-2,NA,Acacia mangium,NA,Th,0.20666666666666667,3
SG04,NA,20-3,NA,Acacia mangium,NA,Area_mm2,6822.029392135576,3
SG04,NA,20-3,NA,Acacia mangium,NA,LDMC,0.35136630126718055,3
SG04,NA,20-3,NA,Acacia mangium,NA,SLA,11.022807380426025,3
SG04,NA,20-3,NA,Acacia mangium,NA,Th,0.26566666666666666,3
SG04,NA,20-4,NA,Acacia mangium,NA,Area_mm2,6526.037151474983,3
SG04,NA,20-4,NA,Acacia mangium,NA,LDMC,0.34462029335262895,3
SG04,NA,20-4,NA,Acacia mangium,NA,SLA,9.374461863961612,3
SG04,NA,20-4,NA,Acacia mangium,NA,Th,0.2956666666666667,3
SG04,NA,20-5,NA,Acacia mangium,NA,Area_mm2,5616.586159338959,3
SG04,NA,20-5,NA,Acacia mangium,NA,LDMC,0.3594575926829749,3
SG04,NA,20-5,NA,Acacia mangium,NA,SLA,9.145065390351846,3
SG04,NA,20-5,NA,Acacia mangium,NA,Th,0.29333333333333333,3
SG04,NA,21-1,NA,Calophyllum inophyllum,NA,Area_mm2,7574.663493019484,3
SG04,NA,21-1,NA,Calophyllum inophyllum,NA,LDMC,0.4677621726374862,3
SG04,NA,21-1,NA,Calophyllum inophyllum,NA,SLA,6.588971104526376,3
SG04,NA,21-1,NA,Calophyllum inophyllum,NA,Th,0.33666666666666667,3
SG04,NA,21-2,NA,Calophyllum inophyllum,NA,Area_mm2,9500.105288504097,3
SG04,NA,21-2,NA,Calophyllum inophyllum,NA,LDMC,0.39181763842866646,3
SG04,NA,21-2,NA,Calophyllum inophyllum,NA,SLA,7.307261323452307,3
SG04,NA,21-2,NA,Calophyllum inophyllum,NA,Th,0.36566666666666664,3
SG04,NA,22-1,NA,Swietenia macrophylla,NA,Area_mm2,88156.69856734057,3
SG04,NA,22-1,NA,Swietenia macrophylla,NA,LDMC,0.3803575349303595,3
SG04,NA,22-1,NA,Swietenia macrophylla,NA,SLA,15.133314263617876,3
SG04,NA,22-1,NA,Swietenia macrophylla,NA,Th,0.18666666666666668,3
SG04,NA,22-2,NA,Swietenia macrophylla,NA,Area_mm2,115051.74404123021,3
SG04,NA,22-2,NA,Swietenia macrophylla,NA,LDMC,0.36803352110886894,3
SG04,NA,22-2,NA,Swietenia macrophylla,NA,SLA,14.853389513247564,3
SG04,NA,22-2,NA,Swietenia macrophylla,NA,Th,0.209,3
SG04,NA,22-3,NA,Swietenia macrophylla,NA,Area_mm2,111997.20772553032,3
SG04,NA,22-3,NA,Swietenia macrophylla,NA,LDMC,0.393596843855165,3
SG04,NA,22-3,NA,Swietenia macrophylla,NA,SLA,15.65983517374088,3
SG04,NA,22-3,NA,Swietenia macrophylla,NA,Th,0.199,3
SG04,NA,22-4,NA,Swietenia macrophylla,NA,Area_mm2,93843.90824160985,3
SG04,NA,22-4,NA,Swietenia macrophylla,NA,LDMC,0.4157097360642452,3
SG04,NA,22-4,NA,Swietenia macrophylla,NA,SLA,13.956311226331662,3
SG04,NA,22-4,NA,Swietenia macrophylla,NA,Th,0.18433333333333332,3
SG04,NA,23-1,NA,Vitex pinnata,NA,Area_mm2,23625.594413979998,3
SG04,NA,23-1,NA,Vitex pinnata,NA,LDMC,0.4503439805552052,3
SG04,NA,23-1,NA,Vitex pinnata,NA,SLA,12.687569369124859,3
SG04,NA,23-1,NA,Vitex pinnata,NA,Th,0.201,3
SG04,NA,23-2,NA,Vitex pinnata,NA,Area_mm2,35134.72556050298,2
SG04,NA,23-2,NA,Vitex pinnata,NA,LDMC,0.3487975920389615,2
SG04,NA,23-2,NA,Vitex pinnata,NA,SLA,17.85496143185697,2
SG04,NA,23-2,NA,Vitex pinnata,NA,Th,0.1985,2
SG04,NA,23-3,NA,Vitex pinnata,NA,Area_mm2,28076.906913857492,3
SG04,NA,23-3,NA,Vitex pinnata,NA,LDMC,0.46087097345568423,3
SG04,NA,23-3,NA,Vitex pinnata,NA,SLA,13.062004483063477,3
SG04,NA,23-3,NA,Vitex pinnata,NA,Th,0.20566666666666666,3
SG04,NA,24-1,NA,Ilex cymosa,NA,Area_mm2,5242.792401350869,3
SG04,NA,24-1,NA,Ilex cymosa,NA,LDMC,0.4162702016465634,3
SG04,NA,24-1,NA,Ilex cymosa,NA,SLA,10.595267785941825,3
SG04,NA,24-1,NA,Ilex cymosa,NA,Th,0.249,3
SG04,NA,25-1,NA,Muntingia calabura,NA,Area_mm2,2660.6422394145457,3
SG04,NA,25-1,NA,Muntingia calabura,NA,LDMC,0.3985640712279047,3
SG04,NA,25-1,NA,Muntingia calabura,NA,SLA,21.34573487746782,3
SG04,NA,25-1,NA,Muntingia calabura,NA,Th,0.20033333333333334,3
SG04,NA,25-2,NA,Muntingia calabura,NA,Area_mm2,3851.3925505266798,3
SG04,NA,25-2,NA,Muntingia calabura,NA,LDMC,0.47000821082399297,3
SG04,NA,25-2,NA,Muntingia calabura,NA,SLA,18.10359626828202,3
SG04,NA,25-2,NA,Muntingia calabura,NA,Th,0.19333333333333333,3
SG04,NA,25-3,NA,Muntingia calabura,NA,Area_mm2,3557.868644245673,3
SG04,NA,25-3,NA,Muntingia calabura,NA,LDMC,0.40188726885305015,3
SG04,NA,25-3,NA,Muntingia calabura,NA,SLA,20.463299004288093,3
SG04,NA,25-3,NA,Muntingia calabura,NA,Th,0.19466666666666668,3
SG04,NA,26-1,NA,Pouteria obovata,NA,Area_mm2,3517.1853323900846,3
SG04,NA,26-1,NA,Pouteria obovata,NA,LDMC,0.46846952713893386,3
SG04,NA,26-1,NA,Pouteria obovata,NA,SLA,7.434369647886167,3
SG04,NA,26-1,NA,Pouteria obovata,NA,Th,0.32666666666666666,3
SG04,NA,26-2,NA,Pouteria obovata,NA,Area_mm2,2709.5835993009637,3
SG04,NA,26-2,NA,Pouteria obovata,NA,LDMC,0.5014485217921434,3
SG04,NA,26-2,NA,Pouteria obovata,NA,SLA,5.368771303174552,3
SG04,NA,26-2,NA,Pouteria obovata,NA,Th,0.36766666666666664,3
SG04,NA,26-3,NA,Pouteria obovata,NA,Area_mm2,2225.2715434187917,3
SG04,NA,26-3,NA,Pouteria obovata,NA,LDMC,0.4582685278859642,3
SG04,NA,26-3,NA,Pouteria obovata,NA,SLA,5.827955431965321,3
SG04,NA,26-3,NA,Pouteria obovata,NA,Th,0.37466666666666665,3
SG04,NA,26-4,NA,Pouteria obovata,NA,Area_mm2,3609.2472752523013,3
SG04,NA,26-4,NA,Pouteria obovata,NA,LDMC,0.44388584836836925,3
SG04,NA,26-4,NA,Pouteria obovata,NA,SLA,6.694557896989287,3
SG04,NA,26-4,NA,Pouteria obovata,NA,Th,0.35433333333333333,3
SG04,NA,27-1,NA,Gnetum gnemon,NA,Area_mm2,1946.7846441568847,3
SG04,NA,27-1,NA,Gnetum gnemon,NA,LDMC,0.32567434715821814,3
SG04,NA,27-1,NA,Gnetum gnemon,NA,SLA,15.194427705477436,3
SG04,NA,27-1,NA,Gnetum gnemon,NA,Th,0.23433333333333334,3
SG04,NA,27-2,NA,Gnetum gnemon,NA,Area_mm2,3665.5697434625713,3
SG04,NA,27-2,NA,Gnetum gnemon,NA,LDMC,0.2953278652943346,3
SG04,NA,27-2,NA,Gnetum gnemon,NA,SLA,15.213813891175867,3
SG04,NA,27-2,NA,Gnetum gnemon,NA,Th,0.24766666666666667,3
SG04,NA,27-3,NA,Gnetum gnemon,NA,Area_mm2,10187.876914331036,6
SG04,NA,27-3,NA,Gnetum gnemon,NA,LDMC,0.3659616392695471,6
SG04,NA,27-3,NA,Gnetum gnemon,NA,SLA,12.766345586509813,6
SG04,NA,27-3,NA,Gnetum gnemon,NA,Th,0.246,6
SG04,NA,28-1,NA,Dimocarpus longan,NA,Area_mm2,2270.270258846046,3
SG04,NA,28-1,NA,Dimocarpus longan,NA,LDMC,0.43378732432517114,3
SG04,NA,28-1,NA,Dimocarpus longan,NA,SLA,11.707374393855327,3
SG04,NA,28-1,NA,Dimocarpus longan,NA,Th,0.2776666666666667,3
SG04,NA,28-2,NA,Dimocarpus longan,NA,Area_mm2,18269.69590628094,3
SG04,NA,28-2,NA,Dimocarpus longan,NA,LDMC,0.4533514051422854,3
SG04,NA,28-2,NA,Dimocarpus longan,NA,SLA,11.279370314719406,3
SG04,NA,28-2,NA,Dimocarpus longan,NA,Th,0.189,3
SG04,NA,28-3,NA,Dimocarpus longan,NA,Area_mm2,55050.50420226263,3
SG04,NA,28-3,NA,Dimocarpus longan,NA,LDMC,0.44936844691888606,3
SG04,NA,28-3,NA,Dimocarpus longan,NA,SLA,11.427556682940072,3
SG04,NA,28-3,NA,Dimocarpus longan,NA,Th,0.24533333333333332,3
SG04,NA,28-4,NA,Dimocarpus longan,NA,Area_mm2,100386.15802499722,3
SG04,NA,28-4,NA,Dimocarpus longan,NA,LDMC,0.4300287491567917,3
SG04,NA,28-4,NA,Dimocarpus longan,NA,SLA,14.22169744455169,3
SG04,NA,28-4,NA,Dimocarpus longan,NA,Th,0.20566666666666666,3
SG04,NA,28-5,NA,Dimocarpus longan,NA,Area_mm2,117552.66139041883,2
SG04,NA,28-5,NA,Dimocarpus longan,NA,LDMC,0.44791639247047077,2
SG04,NA,28-5,NA,Dimocarpus longan,NA,SLA,17.450368013590655,2
SG04,NA,28-5,NA,Dimocarpus longan,NA,Th,0.1565,2
SG04,NA,29-1,NA,Ficus variegata,NA,Area_mm2,15123.116763570748,3
SG04,NA,29-1,NA,Ficus variegata,NA,LDMC,0.325209779369298,3
SG04,NA,29-1,NA,Ficus variegata,NA,SLA,18.61049692704329,3
SG04,NA,29-1,NA,Ficus variegata,NA,Th,0.21433333333333335,3
SG04,NA,29-2,NA,Ficus variegata,NA,Area_mm2,19517.20835019758,3
SG04,NA,29-2,NA,Ficus variegata,NA,LDMC,0.3266880075278892,3
SG04,NA,29-2,NA,Ficus variegata,NA,SLA,15.744167730910824,3
SG04,NA,29-2,NA,Ficus variegata,NA,Th,0.21466666666666667,3
SG04,NA,29-2,NA,Ficus variegata,NA,WD_twig,0.3696998014250672,1
SG04,NA,3-1,NA,Syzygium myrtifolium,NA,Area_mm2,867.1165485705684,3
SG04,NA,3-1,NA,Syzygium myrtifolium,NA,LDMC,0.48123910434868644,3
SG04,NA,3-1,NA,Syzygium myrtifolium,NA,SLA,7.947549768387884,3
SG04,NA,3-1,NA,Syzygium myrtifolium,NA,Th,0.279,3
SG04,NA,3-2,NA,Syzygium myrtifolium,NA,Area_mm2,1093.923742158056,3
SG04,NA,3-2,NA,Syzygium myrtifolium,NA,LDMC,0.5113700320195418,3
SG04,NA,3-2,NA,Syzygium myrtifolium,NA,SLA,8.29076619221907,3
SG04,NA,3-2,NA,Syzygium myrtifolium,NA,Th,0.24966666666666668,3
SG04,NA,3-3,NA,Syzygium myrtifolium,NA,Area_mm2,996.9561937960439,3
SG04,NA,3-3,NA,Syzygium myrtifolium,NA,LDMC,0.48242799948340437,3
SG04,NA,3-3,NA,Syzygium myrtifolium,NA,SLA,8.748257566112706,3
SG04,NA,3-3,NA,Syzygium myrtifolium,NA,Th,0.261,3
SG04,NA,3-4,NA,Syzygium myrtifolium,NA,Area_mm2,2098.201307240692,3
SG04,NA,3-4,NA,Syzygium myrtifolium,NA,LDMC,0.47789079050784217,3
SG04,NA,3-4,NA,Syzygium myrtifolium,NA,SLA,9.519935346292721,3
SG04,NA,3-4,NA,Syzygium myrtifolium,NA,Th,0.24433333333333332,3
SG04,NA,30-1,NA,Baccaurea motleyana,NA,Area_mm2,10603.69448329083,3
SG04,NA,30-1,NA,Baccaurea motleyana,NA,LDMC,0.34407177558265445,3
SG04,NA,30-1,NA,Baccaurea motleyana,NA,SLA,10.280521336989963,3
SG04,NA,30-1,NA,Baccaurea motleyana,NA,Th,0.321,3
SG04,NA,30-2,NA,Baccaurea motleyana,NA,Area_mm2,23648.595562806608,3
SG04,NA,30-2,NA,Baccaurea motleyana,NA,LDMC,0.3327045986160146,3
SG04,NA,30-2,NA,Baccaurea motleyana,NA,SLA,13.197897292600247,3
SG04,NA,30-2,NA,Baccaurea motleyana,NA,Th,0.28533333333333333,3
SG04,NA,30-2,NA,Baccaurea motleyana,NA,WD_twig,0.6247295912558352,1
SG04,NA,30-3,NA,Baccaurea motleyana,NA,Area_mm2,29507.202744382445,3
SG04,NA,30-3,NA,Baccaurea motleyana,NA,LDMC,0.29200732667668045,3
SG04,NA,30-3,NA,Baccaurea motleyana,NA,SLA,15.967078491389321,3
SG04,NA,30-3,NA,Baccaurea motleyana,NA,Th,0.25433333333333336,3
SG04,NA,31-1,NA,Palaquium obovatum,NA,Area_mm2,11617.491742631228,3
SG04,NA,31-1,NA,Palaquium obovatum,NA,LDMC,0.33706759723824653,3
SG04,NA,31-1,NA,Palaquium obovatum,NA,SLA,13.15016135210399,3
SG04,NA,31-1,NA,Palaquium obovatum,NA,Th,0.22666666666666668,3
SG04,NA,31-1,NA,Palaquium obovatum,NA,WD_twig,0.5304112629169845,1
SG04,NA,32-1,NA,Piper aduncum,NA,Area_mm2,9610.998734992172,3
SG04,NA,32-1,NA,Piper aduncum,NA,LDMC,0.2424677768520299,3
SG04,NA,32-1,NA,Piper aduncum,NA,SLA,23.938057699144267,3
SG04,NA,32-1,NA,Piper aduncum,NA,Th,0.24533333333333332,3
SG04,NA,32-1,NA,Piper aduncum,NA,WD_twig,0.4058776004847506,1
SG04,NA,32-2,NA,Piper aduncum,NA,Area_mm2,10019.968050000474,3
SG04,NA,32-2,NA,Piper aduncum,NA,LDMC,0.2588525660727045,3
SG04,NA,32-2,NA,Piper aduncum,NA,SLA,21.14958231537571,3
SG04,NA,32-2,NA,Piper aduncum,NA,Th,0.24333333333333332,3
SG04,NA,32-2,NA,Piper aduncum,NA,WD_twig,0.38499634381439873,1
SG04,NA,32-3,NA,Piper aduncum,NA,Area_mm2,6335.944340987526,3
SG04,NA,32-3,NA,Piper aduncum,NA,LDMC,0.2196262103204026,3
SG04,NA,32-3,NA,Piper aduncum,NA,SLA,27.340036832184996,3
SG04,NA,32-3,NA,Piper aduncum,NA,Th,0.22433333333333333,3
SG04,NA,33-1,NA,Spathodea campanulata,NA,Area_mm2,93361.1087275111,3
SG04,NA,33-1,NA,Spathodea campanulata,NA,LDMC,0.2871538757157529,3
SG04,NA,33-1,NA,Spathodea campanulata,NA,SLA,23.448576754235344,3
SG04,NA,33-1,NA,Spathodea campanulata,NA,Th,0.15566666666666668,3
SG04,NA,33-2,NA,Spathodea campanulata,NA,Area_mm2,91906.80099748909,3
SG04,NA,33-2,NA,Spathodea campanulata,NA,LDMC,0.2962308550412898,3
SG04,NA,33-2,NA,Spathodea campanulata,NA,SLA,18.235670556616608,3
SG04,NA,33-2,NA,Spathodea campanulata,NA,Th,0.21133333333333332,3
SG04,NA,33-2,NA,Spathodea campanulata,NA,WD_twig,0.32786205753129405,1
SG04,NA,33-3,NA,Spathodea campanulata,NA,Area_mm2,69570.06422565416,3
SG04,NA,33-3,NA,Spathodea campanulata,NA,LDMC,0.30708734238537605,3
SG04,NA,33-3,NA,Spathodea campanulata,NA,SLA,18.99925666901415,3
SG04,NA,33-3,NA,Spathodea campanulata,NA,Th,0.17566666666666667,3
SG04,NA,34-1,NA,Claoxylon indicum,NA,Area_mm2,22655.852024878142,3
SG04,NA,34-1,NA,Claoxylon indicum,NA,LDMC,0.29844725998418875,3
SG04,NA,34-1,NA,Claoxylon indicum,NA,SLA,20.780899033264625,3
SG04,NA,34-1,NA,Claoxylon indicum,NA,Th,0.22133333333333333,3
SG04,NA,34-2,NA,Claoxylon indicum,NA,Area_mm2,39839.06503436214,3
SG04,NA,34-2,NA,Claoxylon indicum,NA,LDMC,0.17801254527948385,3
SG04,NA,34-2,NA,Claoxylon indicum,NA,SLA,33.57389815635536,3
SG04,NA,34-2,NA,Claoxylon indicum,NA,Th,0.19333333333333333,3
SG04,NA,34-3,NA,Claoxylon indicum,NA,Area_mm2,37181.581689477905,3
SG04,NA,34-3,NA,Claoxylon indicum,NA,LDMC,0.19761109392473,3
SG04,NA,34-3,NA,Claoxylon indicum,NA,SLA,32.941021296148975,3
SG04,NA,34-3,NA,Claoxylon indicum,NA,Th,0.22566666666666665,3
SG04,NA,34-4,NA,Claoxylon indicum,NA,Area_mm2,27560.81475415297,3
SG04,NA,34-4,NA,Claoxylon indicum,NA,LDMC,0.2257374463074462,3
SG04,NA,34-4,NA,Claoxylon indicum,NA,SLA,27.576368419832843,3
SG04,NA,34-4,NA,Claoxylon indicum,NA,Th,0.158,3
SG04,NA,34-5,NA,Claoxylon indicum,NA,WD_twig,0.46329094762337275,1
SG04,NA,35-1,NA,Cecropia pachystachya,NA,Area_mm2,119778.23878746838,3
SG04,NA,35-1,NA,Cecropia pachystachya,NA,LDMC,0.26016869913387386,3
SG04,NA,35-1,NA,Cecropia pachystachya,NA,SLA,23.051809547329928,3
SG04,NA,35-1,NA,Cecropia pachystachya,NA,Th,0.23333333333333334,3
SG04,NA,35-2,NA,Cecropia pachystachya,NA,Area_mm2,108118.85226586593,3
SG04,NA,35-2,NA,Cecropia pachystachya,NA,LDMC,0.238347335042847,3
SG04,NA,35-2,NA,Cecropia pachystachya,NA,SLA,18.284882650412086,3
SG04,NA,35-2,NA,Cecropia pachystachya,NA,Th,0.27,3
SG04,NA,35-3,NA,Cecropia pachystachya,NA,Area_mm2,359000.71941863967,3
SG04,NA,35-3,NA,Cecropia pachystachya,NA,LDMC,0.2967511720680544,3
SG04,NA,35-3,NA,Cecropia pachystachya,NA,SLA,11.573320561374272,3
SG04,NA,35-3,NA,Cecropia pachystachya,NA,Th,0.309,3
SG04,NA,36-1,NA,Leucaena leucocephala,NA,Area_mm2,10498.325518008563,3
SG04,NA,36-1,NA,Leucaena leucocephala,NA,LDMC,0.36962907384846483,3
SG04,NA,36-1,NA,Leucaena leucocephala,NA,SLA,17.502387459438182,3
SG04,NA,36-1,NA,Leucaena leucocephala,NA,Th,0.14866666666666667,3
SG04,NA,36-2,NA,Leucaena leucocephala,NA,Area_mm2,3118.593535494601,3
SG04,NA,36-2,NA,Leucaena leucocephala,NA,LDMC,0.47941870456498314,3
SG04,NA,36-2,NA,Leucaena leucocephala,NA,SLA,14.769472837787582,3
SG04,NA,36-2,NA,Leucaena leucocephala,NA,Th,0.19566666666666666,3
SG04,NA,36-3,NA,Leucaena leucocephala,NA,Area_mm2,5589.271996422171,3
SG04,NA,36-3,NA,Leucaena leucocephala,NA,LDMC,0.6621708173403359,3
SG04,NA,36-3,NA,Leucaena leucocephala,NA,SLA,13.026562694828803,3
SG04,NA,36-3,NA,Leucaena leucocephala,NA,Th,0.6043333333333333,3
SG04,NA,37-1,NA,Calophyllum soulattri,NA,Area_mm2,7380.422542664688,3
SG04,NA,37-1,NA,Calophyllum soulattri,NA,LDMC,0.4129861042269305,3
SG04,NA,37-1,NA,Calophyllum soulattri,NA,SLA,7.812403230042548,3
SG04,NA,37-1,NA,Calophyllum soulattri,NA,Th,0.33766666666666667,3
SG04,NA,37-2,NA,Calophyllum soulattri,NA,Area_mm2,4404.12740888652,3
SG04,NA,37-2,NA,Calophyllum soulattri,NA,LDMC,0.392911419558008,3
SG04,NA,37-2,NA,Calophyllum soulattri,NA,SLA,7.469691796647885,3
SG04,NA,37-2,NA,Calophyllum soulattri,NA,Th,0.36533333333333334,3
SG04,NA,37-3,NA,Calophyllum soulattri,NA,Area_mm2,5802.055323142488,3
SG04,NA,37-3,NA,Calophyllum soulattri,NA,LDMC,0.40685499171672573,3
SG04,NA,37-3,NA,Calophyllum soulattri,NA,SLA,8.26195133251693,3
SG04,NA,37-3,NA,Calophyllum soulattri,NA,Th,0.32566666666666666,3
SG04,NA,38-1,NA,Mangifera indica,NA,Area_mm2,14381.134971171052,3
SG04,NA,38-1,NA,Mangifera indica,NA,LDMC,0.42851323113088907,3
SG04,NA,38-1,NA,Mangifera indica,NA,SLA,8.438437674387163,3
SG04,NA,38-1,NA,Mangifera indica,NA,Th,0.21866666666666668,3
SG04,NA,38-2,NA,Mangifera indica,NA,Area_mm2,9432.076750472346,3
SG04,NA,38-2,NA,Mangifera indica,NA,LDMC,0.44849376611388564,3
SG04,NA,38-2,NA,Mangifera indica,NA,SLA,7.932441016203744,3
SG04,NA,38-2,NA,Mangifera indica,NA,Th,0.25433333333333336,3
SG04,NA,38-3,NA,Mangifera indica,NA,Area_mm2,10773.383511331742,3
SG04,NA,38-3,NA,Mangifera indica,NA,LDMC,0.4713850489958727,3
SG04,NA,38-3,NA,Mangifera indica,NA,SLA,9.46318084302622,3
SG04,NA,38-3,NA,Mangifera indica,NA,Th,0.20466666666666666,3
SG04,NA,38-4,NA,Mangifera indica,NA,Area_mm2,13581.091168036073,3
SG04,NA,38-4,NA,Mangifera indica,NA,LDMC,0.41898916866647845,3
SG04,NA,38-4,NA,Mangifera indica,NA,SLA,8.552930541085745,3
SG04,NA,38-4,NA,Mangifera indica,NA,Th,0.239,3
SG04,NA,39-1,NA,Peltophorum pterocarpum,NA,Area_mm2,46185.99382176105,3
SG04,NA,39-1,NA,Peltophorum pterocarpum,NA,LDMC,0.3829544467231202,3
SG04,NA,39-1,NA,Peltophorum pterocarpum,NA,SLA,21.012898310262766,3
SG04,NA,39-1,NA,Peltophorum pterocarpum,NA,Th,0.17333333333333334,3
SG04,NA,39-2,NA,Peltophorum pterocarpum,NA,Area_mm2,39789.74374691875,3
SG04,NA,39-2,NA,Peltophorum pterocarpum,NA,LDMC,0.37115217122981675,3
SG04,NA,39-2,NA,Peltophorum pterocarpum,NA,SLA,18.756839666829194,3
SG04,NA,39-2,NA,Peltophorum pterocarpum,NA,Th,0.17433333333333334,3
SG04,NA,39-3,NA,Peltophorum pterocarpum,NA,LDMC,0.427468018344195,3
SG04,NA,4-1,NA,Fagraea fragrans,NA,Area_mm2,3793.5384246810618,3
SG04,NA,4-1,NA,Fagraea fragrans,NA,LDMC,0.3103709510933657,3
SG04,NA,4-1,NA,Fagraea fragrans,NA,SLA,12.537138066726573,3
SG04,NA,4-1,NA,Fagraea fragrans,NA,Th,0.2856666666666667,3
SG04,NA,4-2,NA,Fagraea fragrans,NA,Area_mm2,2139.9909490263367,3
SG04,NA,4-2,NA,Fagraea fragrans,NA,LDMC,0.3158778289043417,3
SG04,NA,4-2,NA,Fagraea fragrans,NA,SLA,11.629545625335783,3
SG04,NA,4-2,NA,Fagraea fragrans,NA,Th,0.29666666666666663,3
SG04,NA,4-3,NA,Fagraea fragrans,NA,Area_mm2,2012.6530909213125,3
SG04,NA,4-3,NA,Fagraea fragrans,NA,LDMC,0.3607597008163785,3
SG04,NA,4-3,NA,Fagraea fragrans,NA,SLA,10.166613525668051,3
SG04,NA,4-3,NA,Fagraea fragrans,NA,Th,0.3056666666666667,3
SG04,NA,40-1,NA,Solanum torvum,NA,Area_mm2,47710.54752863789,3
SG04,NA,40-1,NA,Solanum torvum,NA,LDMC,0.18964519821323939,3
SG04,NA,40-1,NA,Solanum torvum,NA,SLA,26.6744155271499,3
SG04,NA,40-1,NA,Solanum torvum,NA,Th,0.23633333333333334,3
SG04,NA,40-2,NA,Solanum torvum,NA,Area_mm2,25614.53429059056,3
SG04,NA,40-2,NA,Solanum torvum,NA,LDMC,0.2253460607332974,3
SG04,NA,40-2,NA,Solanum torvum,NA,SLA,25.652031481614546,3
SG04,NA,40-2,NA,Solanum torvum,NA,Th,0.24333333333333332,3
SG04,NA,40-3,NA,Solanum torvum,NA,Area_mm2,27068.07738653564,3
SG04,NA,40-3,NA,Solanum torvum,NA,LDMC,0.21260596720797792,3
SG04,NA,40-3,NA,Solanum torvum,NA,SLA,30.94168071442717,3
SG04,NA,40-3,NA,Solanum torvum,NA,Th,0.21233333333333332,3
SG04,NA,40-4,NA,Solanum torvum,NA,WD,0.38973294328583563,1
SG04,NA,41-1,NA,Bridelia tomentosa,NA,Area_mm2,2793.8462745785077,3
SG04,NA,41-1,NA,Bridelia tomentosa,NA,LDMC,0.43902014798106875,3
SG04,NA,41-1,NA,Bridelia tomentosa,NA,SLA,17.25073376095436,3
SG04,NA,41-1,NA,Bridelia tomentosa,NA,Th,0.171,3
SG04,NA,41-2,NA,Bridelia tomentosa,NA,Area_mm2,4236.875651965817,3
SG04,NA,41-2,NA,Bridelia tomentosa,NA,LDMC,0.37219658068426276,3
SG04,NA,41-2,NA,Bridelia tomentosa,NA,SLA,23.79976708380894,3
SG04,NA,41-2,NA,Bridelia tomentosa,NA,Th,0.15666666666666668,3
SG04,NA,41-3,NA,Bridelia tomentosa,NA,Area_mm2,4292.015326838338,3
SG04,NA,41-3,NA,Bridelia tomentosa,NA,LDMC,0.4251620515508092,3
SG04,NA,41-3,NA,Bridelia tomentosa,NA,SLA,21.352629465822265,3
SG04,NA,41-3,NA,Bridelia tomentosa,NA,Th,0.159,3
SG04,NA,42-1,NA,Baphia nitida,NA,Area_mm2,9886.491613946606,3
SG04,NA,42-1,NA,Baphia nitida,NA,LDMC,0.4060267140027274,3
SG04,NA,42-1,NA,Baphia nitida,NA,SLA,17.456303191158437,3
SG04,NA,42-1,NA,Baphia nitida,NA,Th,0.18133333333333332,3
SG04,NA,42-2,NA,Baphia nitida,NA,Area_mm2,13746.636835172629,3
SG04,NA,42-2,NA,Baphia nitida,NA,LDMC,0.31599693566945314,3
SG04,NA,42-2,NA,Baphia nitida,NA,SLA,21.405115509066366,3
SG04,NA,42-2,NA,Baphia nitida,NA,Th,0.18,3
SG04,NA,42-3,NA,Baphia nitida,NA,Area_mm2,14693.717381819508,3
SG04,NA,42-3,NA,Baphia nitida,NA,LDMC,0.34243202704772574,3
SG04,NA,42-3,NA,Baphia nitida,NA,SLA,19.364929972494373,3
SG04,NA,42-3,NA,Baphia nitida,NA,Th,0.17466666666666666,3
SG04,NA,43-1,NA,Aphanamixis polystachya,NA,Area_mm2,302438.3353193253,3
SG04,NA,43-1,NA,Aphanamixis polystachya,NA,LDMC,0.3196901085777002,3
SG04,NA,43-1,NA,Aphanamixis polystachya,NA,SLA,13.731852621165944,3
SG04,NA,43-1,NA,Aphanamixis polystachya,NA,Th,0.24,3
SG04,NA,43-2,NA,Aphanamixis polystachya,NA,Area_mm2,213406.04949153072,3
SG04,NA,43-2,NA,Aphanamixis polystachya,NA,LDMC,0.30699688964029737,3
SG04,NA,43-2,NA,Aphanamixis polystachya,NA,SLA,15.672088898948855,3
SG04,NA,43-2,NA,Aphanamixis polystachya,NA,Th,0.22433333333333333,3
SG04,NA,43-3,NA,Aphanamixis polystachya,NA,Area_mm2,177790.87566671555,3
SG04,NA,43-3,NA,Aphanamixis polystachya,NA,LDMC,0.3110747632183425,3
SG04,NA,43-3,NA,Aphanamixis polystachya,NA,SLA,14.053568114076409,3
SG04,NA,43-3,NA,Aphanamixis polystachya,NA,Th,0.24333333333333332,3
SG04,NA,44-1,NA,Clerodendrum villosum,NA,Area_mm2,23747.668244361663,3
SG04,NA,44-1,NA,Clerodendrum villosum,NA,LDMC,0.3076624007555082,3
SG04,NA,44-1,NA,Clerodendrum villosum,NA,SLA,30.567096974143258,3
SG04,NA,44-1,NA,Clerodendrum villosum,NA,Th,0.179,3
SG04,NA,44-2,NA,Clerodendrum villosum,NA,Area_mm2,21495.199622619115,3
SG04,NA,44-2,NA,Clerodendrum villosum,NA,LDMC,0.2622254015583834,3
SG04,NA,44-2,NA,Clerodendrum villosum,NA,SLA,37.007884344473574,3
SG04,NA,44-2,NA,Clerodendrum villosum,NA,Th,0.183,3
SG04,NA,44-3,NA,Clerodendrum villosum,NA,Area_mm2,27741.567081494442,3
SG04,NA,44-3,NA,Clerodendrum villosum,NA,LDMC,0.32919200007665317,3
SG04,NA,44-3,NA,Clerodendrum villosum,NA,SLA,27.08683221479083,3
SG04,NA,44-3,NA,Clerodendrum villosum,NA,Th,0.212,3
SG04,NA,45-1,NA,Durio zibethinus,NA,Area_mm2,5093.844072646647,3
SG04,NA,45-1,NA,Durio zibethinus,NA,LDMC,0.36085434552291357,3
SG04,NA,45-1,NA,Durio zibethinus,NA,SLA,13.08367487675404,3
SG04,NA,45-1,NA,Durio zibethinus,NA,Th,0.22366666666666668,3
SG04,NA,45-2,NA,Durio zibethinus,NA,Area_mm2,7291.920927223171,3
SG04,NA,45-2,NA,Durio zibethinus,NA,LDMC,0.334858321076285,3
SG04,NA,45-2,NA,Durio zibethinus,NA,SLA,14.702424462706295,3
SG04,NA,45-2,NA,Durio zibethinus,NA,Th,0.238,3
SG04,NA,45-3,NA,Durio zibethinus,NA,Area_mm2,7981.300674093152,3
SG04,NA,45-3,NA,Durio zibethinus,NA,LDMC,0.3255080552057903,3
SG04,NA,45-3,NA,Durio zibethinus,NA,SLA,13.762006787003136,3
SG04,NA,45-3,NA,Durio zibethinus,NA,Th,0.239,3
SG04,NA,45-4,NA,Durio zibethinus,NA,Area_mm2,6186.960170060947,3
SG04,NA,45-4,NA,Durio zibethinus,NA,LDMC,0.39322817183164865,3
SG04,NA,45-4,NA,Durio zibethinus,NA,SLA,11.375447583335772,3
SG04,NA,45-4,NA,Durio zibethinus,NA,Th,0.23333333333333334,3
SG04,NA,46-1,NA,Clausena excavata,NA,Area_mm2,14735.25373856717,3
SG04,NA,46-1,NA,Clausena excavata,NA,LDMC,0.3584859795904649,3
SG04,NA,46-1,NA,Clausena excavata,NA,SLA,16.928525306995386,3
SG04,NA,46-1,NA,Clausena excavata,NA,Th,0.21666666666666667,3
SG04,NA,46-2,NA,Clausena excavata,NA,Area_mm2,60708.01979005068,3
SG04,NA,46-2,NA,Clausena excavata,NA,LDMC,0.35288626898600545,3
SG04,NA,46-2,NA,Clausena excavata,NA,SLA,16.910313593023922,3
SG04,NA,46-2,NA,Clausena excavata,NA,Th,0.17333333333333334,3
SG04,NA,46-3,NA,Clausena excavata,NA,Area_mm2,38841.8101553798,3
SG04,NA,46-3,NA,Clausena excavata,NA,LDMC,0.3407702876270341,3
SG04,NA,46-3,NA,Clausena excavata,NA,SLA,19.750331102177398,3
SG04,NA,46-3,NA,Clausena excavata,NA,Th,0.17333333333333334,3
SG04,NA,47-1,NA,Antidesma velutinosum,NA,Area_mm2,8434.645049859713,3
SG04,NA,47-1,NA,Antidesma velutinosum,NA,LDMC,0.40984745765994757,3
SG04,NA,47-1,NA,Antidesma velutinosum,NA,SLA,21.67095833491263,3
SG04,NA,47-1,NA,Antidesma velutinosum,NA,Th,0.18566666666666667,3
SG04,NA,47-2,NA,Antidesma velutinosum,NA,Area_mm2,7267.942480466985,3
SG04,NA,47-2,NA,Antidesma velutinosum,NA,LDMC,0.3901798735869532,3
SG04,NA,47-2,NA,Antidesma velutinosum,NA,SLA,17.86821180075864,3
SG04,NA,47-2,NA,Antidesma velutinosum,NA,Th,0.218,3
SG04,NA,47-3,NA,Antidesma velutinosum,NA,Area_mm2,5674.167884294671,3
SG04,NA,47-3,NA,Antidesma velutinosum,NA,LDMC,0.4455113672336848,3
SG04,NA,47-3,NA,Antidesma velutinosum,NA,SLA,20.94632210116567,3
SG04,NA,47-3,NA,Antidesma velutinosum,NA,Th,0.17566666666666667,3
SG04,NA,47-4,NA,Antidesma velutinosum,NA,WD_twig,0.6213289581624283,1
SG04,NA,48-1,NA,Mimosa pigra,NA,Area_mm2,8751.244178893534,3
SG04,NA,48-1,NA,Mimosa pigra,NA,LDMC,0.528367749067364,3
SG04,NA,48-1,NA,Mimosa pigra,NA,SLA,13.12687176741797,3
SG04,NA,48-1,NA,Mimosa pigra,NA,Th,0.11433333333333333,3
SG04,NA,48-2,NA,Mimosa pigra,NA,Area_mm2,4072.86642142759,3
SG04,NA,48-2,NA,Mimosa pigra,NA,LDMC,0.4818194632427908,3
SG04,NA,48-2,NA,Mimosa pigra,NA,SLA,16.41987992833431,3
SG04,NA,48-2,NA,Mimosa pigra,NA,Th,0.09333333333333334,3
SG04,NA,48-3,NA,Mimosa pigra,NA,Area_mm2,3492.045597629563,3
SG04,NA,48-3,NA,Mimosa pigra,NA,LDMC,0.8758017042853584,3
SG04,NA,48-3,NA,Mimosa pigra,NA,SLA,8.263254176074643,3
SG04,NA,48-3,NA,Mimosa pigra,NA,Th,0.081,3
SG04,NA,49-1,NA,Tabebuia rosea,NA,Area_mm2,53600.875076998826,3
SG04,NA,49-1,NA,Tabebuia rosea,NA,LDMC,0.515667065279958,3
SG04,NA,49-1,NA,Tabebuia rosea,NA,SLA,9.832947260022998,3
SG04,NA,49-1,NA,Tabebuia rosea,NA,Th,0.22333333333333333,3
SG04,NA,49-2,NA,Tabebuia rosea,NA,Area_mm2,52127.80513831418,3
SG04,NA,49-2,NA,Tabebuia rosea,NA,LDMC,0.35017977120008253,3
SG04,NA,49-2,NA,Tabebuia rosea,NA,SLA,15.018796488481808,3
SG04,NA,49-2,NA,Tabebuia rosea,NA,Th,0.20466666666666666,3
SG04,NA,49-3,NA,Tabebuia rosea,NA,Area_mm2,111019.26941491639,3
SG04,NA,49-3,NA,Tabebuia rosea,NA,LDMC,0.34050720908478327,3
SG04,NA,49-3,NA,Tabebuia rosea,NA,SLA,17.075209834277334,3
SG04,NA,49-3,NA,Tabebuia rosea,NA,Th,0.18933333333333333,3
SG04,NA,49-4,NA,Tabebuia rosea,NA,Area_mm2,49645.33936519445,3
SG04,NA,49-4,NA,Tabebuia rosea,NA,LDMC,0.4790800672053997,3
SG04,NA,49-4,NA,Tabebuia rosea,NA,SLA,8.992949163860231,3
SG04,NA,49-4,NA,Tabebuia rosea,NA,Th,0.24,3
SG04,NA,5-1,NA,Podocarpus polystachyus,NA,Area_mm2,284.20970743141993,3
SG04,NA,5-1,NA,Podocarpus polystachyus,NA,LDMC,0.4126784804204159,3
SG04,NA,5-1,NA,Podocarpus polystachyus,NA,SLA,4.425054724382893,3
SG04,NA,5-1,NA,Podocarpus polystachyus,NA,Th,0.41333333333333333,3
SG04,NA,5-2,NA,Podocarpus polystachyus,NA,Area_mm2,540.1661857203242,3
SG04,NA,5-2,NA,Podocarpus polystachyus,NA,LDMC,0.4459817640497386,3
SG04,NA,5-2,NA,Podocarpus polystachyus,NA,SLA,4.789325158236862,3
SG04,NA,5-2,NA,Podocarpus polystachyus,NA,Th,0.44,3
SG04,NA,5-3,NA,Podocarpus polystachyus,NA,Area_mm2,296.1379990315078,3
SG04,NA,5-3,NA,Podocarpus polystachyus,NA,LDMC,0.45866264989072003,3
SG04,NA,5-3,NA,Podocarpus polystachyus,NA,SLA,5.240910155456009,3
SG04,NA,5-3,NA,Podocarpus polystachyus,NA,Th,0.391,3
SG04,NA,5-4,NA,Podocarpus polystachyus,NA,WD_twig,0.5639566395663956,1
SG04,NA,50-1,NA,Andira inermis,NA,Area_mm2,18356.639579790713,3
SG04,NA,50-1,NA,Andira inermis,NA,LDMC,0.35418080867894863,3
SG04,NA,50-1,NA,Andira inermis,NA,SLA,14.571965608402284,3
SG04,NA,50-1,NA,Andira inermis,NA,Th,0.21666666666666667,3
SG04,NA,50-2,NA,Andira inermis,NA,Area_mm2,27168.74385224479,3
SG04,NA,50-2,NA,Andira inermis,NA,LDMC,0.3402136462739823,3
SG04,NA,50-2,NA,Andira inermis,NA,SLA,16.115232542209803,3
SG04,NA,50-2,NA,Andira inermis,NA,Th,0.21766666666666667,3
SG04,NA,50-3,NA,Andira inermis,NA,Area_mm2,26963.946172665397,3
SG04,NA,50-3,NA,Andira inermis,NA,LDMC,0.34899247605326206,3
SG04,NA,50-3,NA,Andira inermis,NA,SLA,16.470484461772422,3
SG04,NA,50-3,NA,Andira inermis,NA,Th,0.199,3
SG04,NA,50-4,NA,Andira inermis,NA,Area_mm2,36350.44117422683,3
SG04,NA,50-4,NA,Andira inermis,NA,LDMC,0.39015539914627345,3
SG04,NA,50-4,NA,Andira inermis,NA,SLA,14.811650057149702,3
SG04,NA,50-4,NA,Andira inermis,NA,Th,0.19433333333333333,3
SG04,NA,51-1,NA,Sterculia parviflora,NA,Area_mm2,10108.089737885017,3
SG04,NA,51-1,NA,Sterculia parviflora,NA,LDMC,0.397915988551486,3
SG04,NA,51-1,NA,Sterculia parviflora,NA,SLA,11.248555731943696,3
SG04,NA,51-1,NA,Sterculia parviflora,NA,Th,0.22333333333333333,3
SG04,NA,51-2,NA,Sterculia parviflora,NA,Area_mm2,18740.677044928158,3
SG04,NA,51-2,NA,Sterculia parviflora,NA,LDMC,0.4237411870283779,3
SG04,NA,51-2,NA,Sterculia parviflora,NA,SLA,9.28510377676551,3
SG04,NA,51-2,NA,Sterculia parviflora,NA,Th,0.23966666666666667,3
SG04,NA,52-1,NA,Senna alata,NA,Area_mm2,101691.5389316484,3
SG04,NA,52-1,NA,Senna alata,NA,LDMC,0.32177752501412876,3
SG04,NA,52-1,NA,Senna alata,NA,SLA,22.311122386533132,3
SG04,NA,52-1,NA,Senna alata,NA,Th,0.17333333333333334,3
SG04,NA,52-2,NA,Senna alata,NA,Area_mm2,135766.8807049371,3
SG04,NA,52-2,NA,Senna alata,NA,LDMC,0.3697278986236845,3
SG04,NA,52-2,NA,Senna alata,NA,SLA,17.262451243192828,3
SG04,NA,52-2,NA,Senna alata,NA,Th,0.20099999999999998,3
SG04,NA,52-3,NA,Senna alata,NA,Area_mm2,122943.48694906308,3
SG04,NA,52-3,NA,Senna alata,NA,LDMC,0.26724655490369076,3
SG04,NA,52-3,NA,Senna alata,NA,SLA,23.874384729648664,3
SG04,NA,52-3,NA,Senna alata,NA,Th,0.18,3
SG04,NA,53-1,NA,Carmona retusa,NA,Area_mm2,883.2049274454465,3
SG04,NA,53-1,NA,Carmona retusa,NA,LDMC,0.3013643833246843,3
SG04,NA,53-1,NA,Carmona retusa,NA,SLA,22.456734805933742,3
SG04,NA,53-1,NA,Carmona retusa,NA,Th,0.18866666666666668,3
SG04,NA,53-2,NA,Carmona retusa,NA,Area_mm2,418.9286738602966,3
SG04,NA,53-2,NA,Carmona retusa,NA,LDMC,0.23892877826854506,3
SG04,NA,53-2,NA,Carmona retusa,NA,SLA,21.85840725958319,3
SG04,NA,53-2,NA,Carmona retusa,NA,Th,0.28900000000000003,3
SG04,NA,53-3,NA,Carmona retusa,NA,Area_mm2,229.99476189568418,3
SG04,NA,53-3,NA,Carmona retusa,NA,LDMC,0.2443877551020408,3
SG04,NA,53-3,NA,Carmona retusa,NA,SLA,18.492246269227653,3
SG04,NA,53-3,NA,Carmona retusa,NA,Th,0.30566666666666664,3
SG04,NA,53-4,NA,Carmona retusa,NA,WD,0.5978104809763101,1
SG04,NA,53-5,NA,Carmona retusa,NA,WD,0.5221601117987622,1
SG04,NA,54-1,NA,Mimusops elengi,NA,Area_mm2,3704.3701439037222,3
SG04,NA,54-1,NA,Mimusops elengi,NA,LDMC,0.457421733223531,3
SG04,NA,54-1,NA,Mimusops elengi,NA,SLA,9.050501391775043,3
SG04,NA,54-1,NA,Mimusops elengi,NA,Th,0.23233333333333334,3
SG04,NA,54-2,NA,Mimusops elengi,NA,Area_mm2,2572.128676565577,3
SG04,NA,54-2,NA,Mimusops elengi,NA,LDMC,0.425566241869799,3
SG04,NA,54-2,NA,Mimusops elengi,NA,SLA,10.128840849594411,3
SG04,NA,54-2,NA,Mimusops elengi,NA,Th,0.222,3
SG04,NA,54-3,NA,Mimusops elengi,NA,Area_mm2,2822.3742940924194,3
SG04,NA,54-3,NA,Mimusops elengi,NA,LDMC,0.40664068620589283,3
SG04,NA,54-3,NA,Mimusops elengi,NA,SLA,8.857552633112693,3
SG04,NA,54-3,NA,Mimusops elengi,NA,Th,0.26466666666666666,3
SG04,NA,55-1,NA,Falcataria moluccana,NA,Area_mm2,57670.27913974682,3
SG04,NA,55-1,NA,Falcataria moluccana,NA,LDMC,0.5160328796029762,3
SG04,NA,55-1,NA,Falcataria moluccana,NA,SLA,14.23866916063888,3
SG04,NA,55-1,NA,Falcataria moluccana,NA,Th,0.23666666666666666,3
SG04,NA,55-2,NA,Falcataria moluccana,NA,Area_mm2,36046.58514998132,3
SG04,NA,55-2,NA,Falcataria moluccana,NA,LDMC,0.4603793013308082,3
SG04,NA,55-2,NA,Falcataria moluccana,NA,SLA,14.565906558127459,3
SG04,NA,55-2,NA,Falcataria moluccana,NA,Th,0.23433333333333334,3
SG04,NA,55-3,NA,Falcataria moluccana,NA,Area_mm2,46630.18648341936,3
SG04,NA,55-3,NA,Falcataria moluccana,NA,LDMC,0.4245486209223486,3
SG04,NA,55-3,NA,Falcataria moluccana,NA,SLA,16.36025711599663,3
SG04,NA,55-3,NA,Falcataria moluccana,NA,Th,0.201,3
SG04,NA,56-1,NA,Cratoxylum maingayi,NA,Area_mm2,2026.0437451935263,3
SG04,NA,56-1,NA,Cratoxylum maingayi,NA,LDMC,0.3670614573069782,3
SG04,NA,56-1,NA,Cratoxylum maingayi,NA,SLA,15.955241691885284,3
SG04,NA,56-1,NA,Cratoxylum maingayi,NA,Th,0.20766666666666667,3
SG04,NA,56-2,NA,Cratoxylum maingayi,NA,Area_mm2,4235.891185591771,3
SG04,NA,56-2,NA,Cratoxylum maingayi,NA,LDMC,0.4794813699261414,3
SG04,NA,56-2,NA,Cratoxylum maingayi,NA,SLA,11.598812986607976,3
SG04,NA,56-2,NA,Cratoxylum maingayi,NA,Th,0.21000000000000002,3
SG04,NA,56-3,NA,Cratoxylum maingayi,NA,Area_mm2,2115.0853834518743,3
SG04,NA,56-3,NA,Cratoxylum maingayi,NA,LDMC,0.41681271712370416,3
SG04,NA,56-3,NA,Cratoxylum maingayi,NA,SLA,14.529056505932655,3
SG04,NA,56-3,NA,Cratoxylum maingayi,NA,Th,0.21866666666666668,3
SG04,NA,57-1,NA,Bhesa paniculata,NA,Area_mm2,7041.962047475176,3
SG04,NA,57-1,NA,Bhesa paniculata,NA,LDMC,0.40405230741090237,3
SG04,NA,57-1,NA,Bhesa paniculata,NA,SLA,6.420124533300877,3
SG04,NA,57-1,NA,Bhesa paniculata,NA,Th,0.4066666666666667,3
SG04,NA,57-2,NA,Bhesa paniculata,NA,Area_mm2,13103.706218994577,3
SG04,NA,57-2,NA,Bhesa paniculata,NA,LDMC,0.35242346216052195,3
SG04,NA,57-2,NA,Bhesa paniculata,NA,SLA,10.746126906469915,3
SG04,NA,57-2,NA,Bhesa paniculata,NA,Th,0.25433333333333336,3
SG04,NA,57-3,NA,Bhesa paniculata,NA,Area_mm2,16537.53926855496,3
SG04,NA,57-3,NA,Bhesa paniculata,NA,LDMC,0.3416694195615376,3
SG04,NA,57-3,NA,Bhesa paniculata,NA,SLA,11.38929988921796,3
SG04,NA,57-3,NA,Bhesa paniculata,NA,Th,0.24333333333333335,3
SG04,NA,57-4,NA,Bhesa paniculata,NA,Area_mm2,18170.169223242705,3
SG04,NA,57-4,NA,Bhesa paniculata,NA,LDMC,0.42774569194556755,3
SG04,NA,57-4,NA,Bhesa paniculata,NA,SLA,6.973027632190428,3
SG04,NA,57-4,NA,Bhesa paniculata,NA,Th,0.31666666666666665,3
SG04,NA,58-1,NA,Streblus elongatus,NA,Area_mm2,12313.258573525054,3
SG04,NA,58-1,NA,Streblus elongatus,NA,LDMC,0.4520337125021881,3
SG04,NA,58-1,NA,Streblus elongatus,NA,SLA,12.260184761751011,3
SG04,NA,58-1,NA,Streblus elongatus,NA,Th,0.23,3
SG04,NA,59-1,NA,Alstonia scholaris,NA,Area_mm2,7126.960683051764,3
SG04,NA,59-1,NA,Alstonia scholaris,NA,LDMC,0.29957132052238655,3
SG04,NA,59-1,NA,Alstonia scholaris,NA,SLA,11.92041432883133,3
SG04,NA,59-1,NA,Alstonia scholaris,NA,Th,0.35133333333333333,3
SG04,NA,59-2,NA,Alstonia scholaris,NA,Area_mm2,8090.42112531535,3
SG04,NA,59-2,NA,Alstonia scholaris,NA,LDMC,0.3410888030674848,3
SG04,NA,59-2,NA,Alstonia scholaris,NA,SLA,8.29657760031921,3
SG04,NA,59-2,NA,Alstonia scholaris,NA,Th,0.391,3
SG04,NA,59-3,NA,Alstonia scholaris,NA,Area_mm2,2183.0135632610286,3
SG04,NA,59-3,NA,Alstonia scholaris,NA,LDMC,0.30095620442378335,3
SG04,NA,59-3,NA,Alstonia scholaris,NA,SLA,13.995297301629389,3
SG04,NA,59-3,NA,Alstonia scholaris,NA,Th,0.2986666666666667,3
SG04,NA,6-1,NA,Ardisia elliptica,NA,Area_mm2,2719.0101037806007,3
SG04,NA,6-1,NA,Ardisia elliptica,NA,LDMC,0.344367895131816,3
SG04,NA,6-1,NA,Ardisia elliptica,NA,SLA,7.48282474663027,3
SG04,NA,6-1,NA,Ardisia elliptica,NA,Th,0.39333333333333337,3
SG04,NA,6-2,NA,Ardisia elliptica,NA,Area_mm2,3992.8235704620965,3
SG04,NA,6-2,NA,Ardisia elliptica,NA,LDMC,0.3360794475709464,3
SG04,NA,6-2,NA,Ardisia elliptica,NA,SLA,8.05623808356514,3
SG04,NA,6-2,NA,Ardisia elliptica,NA,Th,0.38666666666666666,3
SG04,NA,6-3,NA,Ardisia elliptica,NA,Area_mm2,4443.45588473705,3
SG04,NA,6-3,NA,Ardisia elliptica,NA,LDMC,0.30648064765952754,3
SG04,NA,6-3,NA,Ardisia elliptica,NA,SLA,8.143320411838712,3
SG04,NA,6-3,NA,Ardisia elliptica,NA,Th,0.433,3
SG04,NA,6-4,NA,Ardisia elliptica,NA,WD_twig,0.44326848249027234,1
SG04,NA,60-1,NA,Averrhoa carambola,NA,Area_mm2,8472.661700372011,3
SG04,NA,60-1,NA,Averrhoa carambola,NA,LDMC,0.28156294443421037,3
SG04,NA,60-1,NA,Averrhoa carambola,NA,SLA,30.25851362891038,3
SG04,NA,60-1,NA,Averrhoa carambola,NA,Th,0.17566666666666667,3
SG04,NA,60-2,NA,Averrhoa carambola,NA,Area_mm2,6515.100494693412,3
SG04,NA,60-2,NA,Averrhoa carambola,NA,LDMC,0.32758117285768074,3
SG04,NA,60-2,NA,Averrhoa carambola,NA,SLA,28.651252155082116,3
SG04,NA,60-2,NA,Averrhoa carambola,NA,Th,0.16566666666666666,3
SG04,NA,60-3,NA,Averrhoa carambola,NA,Area_mm2,9025.62594895493,3
SG04,NA,60-3,NA,Averrhoa carambola,NA,LDMC,0.3397504222031036,3
SG04,NA,60-3,NA,Averrhoa carambola,NA,SLA,25.556633417878256,3
SG04,NA,60-3,NA,Averrhoa carambola,NA,Th,0.161,3
SG04,NA,61-1,NA,Bridelia stipularis,NA,Area_mm2,6713.525427137902,3
SG04,NA,61-1,NA,Bridelia stipularis,NA,LDMC,0.3715541701406475,3
SG04,NA,61-1,NA,Bridelia stipularis,NA,SLA,23.201865110096087,3
SG04,NA,61-1,NA,Bridelia stipularis,NA,Th,0.20666666666666667,3
SG04,NA,61-2,NA,Bridelia stipularis,NA,Area_mm2,5487.874349376953,3
SG04,NA,61-2,NA,Bridelia stipularis,NA,LDMC,0.3749977501537192,3
SG04,NA,61-2,NA,Bridelia stipularis,NA,SLA,16.627646040315163,3
SG04,NA,61-2,NA,Bridelia stipularis,NA,Th,0.24766666666666667,3
SG04,NA,61-3,NA,Bridelia stipularis,NA,Area_mm2,6382.118681308058,3
SG04,NA,61-3,NA,Bridelia stipularis,NA,LDMC,0.3630740123316585,3
SG04,NA,61-3,NA,Bridelia stipularis,NA,SLA,16.963726306878275,3
SG04,NA,61-3,NA,Bridelia stipularis,NA,Th,0.25233333333333335,3
SG04,NA,61-4,NA,Bridelia stipularis,NA,WD_twig,0.5012798060083524,1
SG04,NA,62-1,NA,Garcinia mangostana,NA,Area_mm2,14310.18648675803,3
SG04,NA,62-1,NA,Garcinia mangostana,NA,LDMC,0.3812482704143449,3
SG04,NA,62-1,NA,Garcinia mangostana,NA,SLA,10.719043324051924,3
SG04,NA,62-1,NA,Garcinia mangostana,NA,Th,0.3413333333333333,3
SG04,NA,62-2,NA,Garcinia mangostana,NA,Area_mm2,14803.005096746034,3
SG04,NA,62-2,NA,Garcinia mangostana,NA,LDMC,0.4177322246999016,3
SG04,NA,62-2,NA,Garcinia mangostana,NA,SLA,5.826667665190463,3
SG04,NA,62-2,NA,Garcinia mangostana,NA,Th,0.5166666666666666,3
SG04,NA,62-3,NA,Garcinia mangostana,NA,Area_mm2,10189.365561299557,3
SG04,NA,62-3,NA,Garcinia mangostana,NA,LDMC,0.432865291768014,3
SG04,NA,62-3,NA,Garcinia mangostana,NA,SLA,5.175750575188991,3
SG04,NA,62-3,NA,Garcinia mangostana,NA,Th,0.5780000000000001,3
SG04,NA,62-4,NA,Garcinia mangostana,NA,Area_mm2,16412.110606160768,3
SG04,NA,62-4,NA,Garcinia mangostana,NA,LDMC,0.42926483803565346,3
SG04,NA,62-4,NA,Garcinia mangostana,NA,SLA,6.440349547807248,3
SG04,NA,62-4,NA,Garcinia mangostana,NA,Th,0.49666666666666665,3
SG04,NA,62-5,NA,Garcinia mangostana,NA,Area_mm2,12528.156591364377,3
SG04,NA,62-5,NA,Garcinia mangostana,NA,LDMC,0.47086668328713516,3
SG04,NA,62-5,NA,Garcinia mangostana,NA,SLA,5.012165968498909,3
SG04,NA,62-5,NA,Garcinia mangostana,NA,Th,0.5643333333333334,3
SG04,NA,63-1,NA,Cinnamomum iners,NA,Area_mm2,3990.376741415925,3
SG04,NA,63-1,NA,Cinnamomum iners,NA,LDMC,0.39046527905441925,3
SG04,NA,63-1,NA,Cinnamomum iners,NA,SLA,12.244876673312541,3
SG04,NA,63-1,NA,Cinnamomum iners,NA,Th,0.25033333333333335,3
SG04,NA,64-1,NA,Mallotus paniculatus,NA,Area_mm2,6776.42852737274,3
SG04,NA,64-1,NA,Mallotus paniculatus,NA,LDMC,0.4127780335434837,3
SG04,NA,64-1,NA,Mallotus paniculatus,NA,SLA,17.916686641894252,3
SG04,NA,64-1,NA,Mallotus paniculatus,NA,Th,0.22333333333333333,3
SG04,NA,64-2,NA,Mallotus paniculatus,NA,WD_twig,0.3426772293317083,1
SG04,NA,65-1,NA,Acalypha siamensis,NA,Area_mm2,758.7846262402034,3
SG04,NA,65-1,NA,Acalypha siamensis,NA,LDMC,0.2999964133740159,3
SG04,NA,65-1,NA,Acalypha siamensis,NA,SLA,18.268047940097254,3
SG04,NA,65-1,NA,Acalypha siamensis,NA,Th,0.24233333333333335,3
SG04,NA,65-2,NA,Acalypha siamensis,NA,Area_mm2,1859.6283067944642,3
SG04,NA,65-2,NA,Acalypha siamensis,NA,LDMC,0.325302715391865,3
SG04,NA,65-2,NA,Acalypha siamensis,NA,SLA,15.956280323862375,3
SG04,NA,65-2,NA,Acalypha siamensis,NA,Th,0.241,3
SG04,NA,65-3,NA,Acalypha siamensis,NA,Area_mm2,1143.5508832322196,3
SG04,NA,65-3,NA,Acalypha siamensis,NA,LDMC,0.29338524294431456,3
SG04,NA,65-3,NA,Acalypha siamensis,NA,SLA,19.533110533322475,3
SG04,NA,65-3,NA,Acalypha siamensis,NA,Th,0.24766666666666667,3
SG04,NA,65-4,NA,Acalypha siamensis,NA,WD_twig,0.7193276228505185,1
SG04,NA,65-5,NA,Acalypha siamensis,NA,WD_twig,0.6982845610494449,1
SG04,NA,66-1,NA,Mimosa pudica,NA,Area_mm2,591.494637615654,3
SG04,NA,66-1,NA,Mimosa pudica,NA,LDMC,0.23401998718354303,3
SG04,NA,66-1,NA,Mimosa pudica,NA,SLA,26.969522759544507,3
SG04,NA,66-1,NA,Mimosa pudica,NA,Th,0.09566666666666666,3
SG04,NA,66-2,NA,Mimosa pudica,NA,Area_mm2,1444.5132453928495,3
SG04,NA,66-2,NA,Mimosa pudica,NA,LDMC,0.35004019549616955,3
SG04,NA,66-2,NA,Mimosa pudica,NA,SLA,17.011392706012714,3
SG04,NA,66-2,NA,Mimosa pudica,NA,Th,0.11,3
SG04,NA,66-3,NA,Mimosa pudica,NA,Area_mm2,1032.9489534859722,3
SG04,NA,66-3,NA,Mimosa pudica,NA,LDMC,0.2463920025099113,3
SG04,NA,66-3,NA,Mimosa pudica,NA,SLA,21.88105436207236,3
SG04,NA,66-3,NA,Mimosa pudica,NA,Th,0.09866666666666667,3
SG04,NA,66-4,NA,Mimosa pudica,NA,WD_twig,0.4105820105820106,1
SG04,NA,67-1,NA,Mimosa diplotricha,NA,Area_mm2,318.5513354114806,3
SG04,NA,67-1,NA,Mimosa diplotricha,NA,LDMC,0.3626030122193805,3
SG04,NA,67-1,NA,Mimosa diplotricha,NA,SLA,18.523320250635212,3
SG04,NA,67-1,NA,Mimosa diplotricha,NA,Th,0.035666666666666666,3
SG04,NA,68-1,NA,Schefflera actinophylla,NA,Area_mm2,90907.08495257163,3
SG04,NA,68-1,NA,Schefflera actinophylla,NA,LDMC,0.21325499450255375,3
SG04,NA,68-1,NA,Schefflera actinophylla,NA,SLA,16.027739664203935,3
SG04,NA,68-1,NA,Schefflera actinophylla,NA,Th,0.31333333333333335,3
SG04,NA,68-2,NA,Schefflera actinophylla,NA,Area_mm2,78545.48955797724,3
SG04,NA,68-2,NA,Schefflera actinophylla,NA,LDMC,0.20577032709292267,3
SG04,NA,68-2,NA,Schefflera actinophylla,NA,SLA,19.271527128072886,3
SG04,NA,68-2,NA,Schefflera actinophylla,NA,Th,0.252,3
SG04,NA,68-3,NA,Schefflera actinophylla,NA,Area_mm2,49058.58306937426,3
SG04,NA,68-3,NA,Schefflera actinophylla,NA,LDMC,0.24959886807627185,3
SG04,NA,68-3,NA,Schefflera actinophylla,NA,SLA,11.66042537608125,3
SG04,NA,68-3,NA,Schefflera actinophylla,NA,Th,0.3476666666666667,3
SG04,NA,69-1,NA,Syzygium grande,NA,Area_mm2,9496.525845231474,3
SG04,NA,69-1,NA,Syzygium grande,NA,LDMC,0.5175105181857284,3
SG04,NA,69-1,NA,Syzygium grande,NA,SLA,6.984647041656963,3
SG04,NA,69-1,NA,Syzygium grande,NA,Th,0.3333333333333333,3
SG04,NA,69-2,NA,Syzygium grande,NA,Area_mm2,10615.646669705822,3
SG04,NA,69-2,NA,Syzygium grande,NA,LDMC,0.36545152853359997,3
SG04,NA,69-2,NA,Syzygium grande,NA,SLA,10.033660985363234,3
SG04,NA,69-2,NA,Syzygium grande,NA,Th,0.33466666666666667,3
SG04,NA,7-1,NA,Leea indica,NA,Area_mm2,104863.84084260279,3
SG04,NA,7-1,NA,Leea indica,NA,LDMC,0.44269378005242,3
SG04,NA,7-1,NA,Leea indica,NA,SLA,9.961971832501073,3
SG04,NA,7-1,NA,Leea indica,NA,Th,0.209,3
SG04,NA,7-2,NA,Leea indica,NA,Area_mm2,401752.46681054257,1
SG04,NA,7-2,NA,Leea indica,NA,LDMC,0.3839042478974446,2
SG04,NA,7-2,NA,Leea indica,NA,SLA,11.22370350078342,1
SG04,NA,7-2,NA,Leea indica,NA,Th,0.263,2
SG04,NA,7-3,NA,Leea indica,NA,Area_mm2,284029.5799534882,2
SG04,NA,7-3,NA,Leea indica,NA,LDMC,0.3773963616069942,3
SG04,NA,7-3,NA,Leea indica,NA,SLA,12.898304361350188,2
SG04,NA,7-3,NA,Leea indica,NA,Th,0.23333333333333334,3
SG04,NA,7-4,NA,Leea indica,NA,Area_mm2,190971.64027429413,3
SG04,NA,7-4,NA,Leea indica,NA,LDMC,0.37970587855386834,3
SG04,NA,7-4,NA,Leea indica,NA,SLA,12.363693349507148,3
SG04,NA,7-4,NA,Leea indica,NA,Th,0.22233333333333333,3
SG04,NA,70-1,NA,Syzygium cumini,NA,Area_mm2,4883.686786084283,3
SG04,NA,70-1,NA,Syzygium cumini,NA,LDMC,0.4099996757333101,3
SG04,NA,70-1,NA,Syzygium cumini,NA,SLA,10.21983000209253,3
SG04,NA,70-1,NA,Syzygium cumini,NA,Th,0.2786666666666667,3
SG04,NA,70-2,NA,Syzygium cumini,NA,Area_mm2,6222.592118045825,3
SG04,NA,70-2,NA,Syzygium cumini,NA,LDMC,0.4183092120716088,3
SG04,NA,70-2,NA,Syzygium cumini,NA,SLA,9.996161738949075,3
SG04,NA,70-2,NA,Syzygium cumini,NA,Th,0.271,3
SG04,NA,70-3,NA,Syzygium cumini,NA,Area_mm2,6367.275222289679,3
SG04,NA,70-3,NA,Syzygium cumini,NA,LDMC,0.403379344988933,3
SG04,NA,70-3,NA,Syzygium cumini,NA,SLA,9.586446590968965,3
SG04,NA,70-3,NA,Syzygium cumini,NA,Th,0.2896666666666667,3
SG04,NA,71-1,NA,Arthrophyllum diversifolium,NA,Area_mm2,245195.0565219134,3
SG04,NA,71-1,NA,Arthrophyllum diversifolium,NA,LDMC,0.3168480865688834,3
SG04,NA,71-1,NA,Arthrophyllum diversifolium,NA,SLA,12.05344642540979,3
SG04,NA,71-1,NA,Arthrophyllum diversifolium,NA,Th,0.2733333333333334,3
SG04,NA,71-2,NA,Arthrophyllum diversifolium,NA,Area_mm2,101066.06347775775,2
SG04,NA,71-2,NA,Arthrophyllum diversifolium,NA,LDMC,0.3109039755686084,3
SG04,NA,71-2,NA,Arthrophyllum diversifolium,NA,SLA,13.346984450512359,2
SG04,NA,71-2,NA,Arthrophyllum diversifolium,NA,Th,0.25666666666666665,3
SG04,NA,71-3,NA,Arthrophyllum diversifolium,NA,Area_mm2,136210.432985556,3
SG04,NA,71-3,NA,Arthrophyllum diversifolium,NA,LDMC,0.3723279819214689,3
SG04,NA,71-3,NA,Arthrophyllum diversifolium,NA,SLA,14.12714275587798,3
SG04,NA,71-3,NA,Arthrophyllum diversifolium,NA,Th,0.2886666666666666,3
SG04,NA,72-1,NA,Azadirachta indica,NA,Area_mm2,10545.216702776215,3
SG04,NA,72-1,NA,Azadirachta indica,NA,LDMC,0.4310603545641637,3
SG04,NA,72-1,NA,Azadirachta indica,NA,SLA,10.73539767813893,3
SG04,NA,72-1,NA,Azadirachta indica,NA,Th,0.21366666666666667,3
SG04,NA,72-2,NA,Azadirachta indica,NA,Area_mm2,10655.194977853469,3
SG04,NA,72-2,NA,Azadirachta indica,NA,LDMC,0.27873014808072294,3
SG04,NA,72-2,NA,Azadirachta indica,NA,SLA,21.04530788453822,3
SG04,NA,72-2,NA,Azadirachta indica,NA,Th,0.18566666666666667,3
SG04,NA,72-3,NA,Azadirachta indica,NA,Area_mm2,14862.56770185729,3
SG04,NA,72-3,NA,Azadirachta indica,NA,LDMC,0.26902850141231627,3
SG04,NA,72-3,NA,Azadirachta indica,NA,SLA,21.40437646235022,3
SG04,NA,72-3,NA,Azadirachta indica,NA,Th,0.20533333333333334,3
SG04,NA,73-1,NA,Eurycoma longifolia,NA,Area_mm2,41772.01935965258,3
SG04,NA,73-1,NA,Eurycoma longifolia,NA,LDMC,0.4134934838459975,3
SG04,NA,73-1,NA,Eurycoma longifolia,NA,SLA,10.975983180063364,3
SG04,NA,73-1,NA,Eurycoma longifolia,NA,Th,0.3456666666666667,3
SG04,NA,73-2,NA,Eurycoma longifolia,NA,Area_mm2,49229.37842734523,3
SG04,NA,73-2,NA,Eurycoma longifolia,NA,LDMC,0.3716650937417497,3
SG04,NA,73-2,NA,Eurycoma longifolia,NA,SLA,16.69993748668291,3
SG04,NA,73-2,NA,Eurycoma longifolia,NA,Th,0.26,3
SG04,NA,74-1,NA,Neptunia plena,NA,Area_mm2,2329.46488380778,3
SG04,NA,74-1,NA,Neptunia plena,NA,LDMC,0.34603961381506915,3
SG04,NA,74-1,NA,Neptunia plena,NA,SLA,14.084088893388605,3
SG04,NA,74-1,NA,Neptunia plena,NA,Th,0.181,3
SG04,NA,74-2,NA,Neptunia plena,NA,Area_mm2,1373.8945094255025,3
SG04,NA,74-2,NA,Neptunia plena,NA,LDMC,0.38747846964872906,3
SG04,NA,74-2,NA,Neptunia plena,NA,SLA,14.742118043352116,3
SG04,NA,74-2,NA,Neptunia plena,NA,Th,0.15233333333333332,3
SG04,NA,74-3,NA,Neptunia plena,NA,Area_mm2,1596.5870158865175,3
SG04,NA,74-3,NA,Neptunia plena,NA,LDMC,0.4435755996039684,3
SG04,NA,74-3,NA,Neptunia plena,NA,SLA,12.88717018483391,3
SG04,NA,74-3,NA,Neptunia plena,NA,Th,0.161,3
SG04,NA,74-5,NA,Neptunia plena,NA,WD_twig,0.3779317697228145,1
SG04,NA,75-1,NA,Mangifera foetida,NA,Area_mm2,9976.269212503998,3
SG04,NA,75-1,NA,Mangifera foetida,NA,LDMC,0.42919791489178355,3
SG04,NA,75-1,NA,Mangifera foetida,NA,SLA,7.809533556577346,3
SG04,NA,75-1,NA,Mangifera foetida,NA,Th,0.26333333333333336,3
SG04,NA,76-1,NA,Syzygium zeylanicum,NA,Area_mm2,1506.4940057723923,3
SG04,NA,76-1,NA,Syzygium zeylanicum,NA,LDMC,0.6055416165985741,3
SG04,NA,76-1,NA,Syzygium zeylanicum,NA,SLA,10.437805258050158,3
SG04,NA,76-1,NA,Syzygium zeylanicum,NA,Th,0.299,3
SG04,NA,76-2,NA,Syzygium zeylanicum,NA,Area_mm2,1212.5973403788819,3
SG04,NA,76-2,NA,Syzygium zeylanicum,NA,LDMC,0.4996310572161021,3
SG04,NA,76-2,NA,Syzygium zeylanicum,NA,SLA,9.292236029094203,3
SG04,NA,76-2,NA,Syzygium zeylanicum,NA,Th,0.2966666666666667,3
SG04,NA,76-3,NA,Syzygium zeylanicum,NA,Area_mm2,875.2336171934646,3
SG04,NA,76-3,NA,Syzygium zeylanicum,NA,LDMC,0.5984662680314854,3
SG04,NA,76-3,NA,Syzygium zeylanicum,NA,SLA,7.846249128613757,3
SG04,NA,76-3,NA,Syzygium zeylanicum,NA,Th,0.27,3
SG04,NA,76-4,NA,Syzygium zeylanicum,NA,WD_twig,0.6598837209302326,1
SG04,NA,77-1,NA,Horsfieldia irya,NA,Area_mm2,7380.119078515408,3
SG04,NA,77-1,NA,Horsfieldia irya,NA,LDMC,0.4143280391214363,3
SG04,NA,77-1,NA,Horsfieldia irya,NA,SLA,7.849653264627878,3
SG04,NA,77-1,NA,Horsfieldia irya,NA,Th,0.2786666666666667,3
SG04,NA,77-2,NA,Horsfieldia irya,NA,Area_mm2,5481.205306537241,3
SG04,NA,77-2,NA,Horsfieldia irya,NA,LDMC,0.39621987647653006,3
SG04,NA,77-2,NA,Horsfieldia irya,NA,SLA,8.07742199303144,3
SG04,NA,77-2,NA,Horsfieldia irya,NA,Th,0.301,3
SG04,NA,77-3,NA,Horsfieldia irya,NA,Area_mm2,4962.491885637747,3
SG04,NA,77-3,NA,Horsfieldia irya,NA,LDMC,0.452678517815482,3
SG04,NA,77-3,NA,Horsfieldia irya,NA,SLA,7.972482984672032,3
SG04,NA,77-3,NA,Horsfieldia irya,NA,Th,0.268,3
SG04,NA,78-1,NA,Mangifera odorata,NA,Area_mm2,8729.35413895996,3
SG04,NA,78-1,NA,Mangifera odorata,NA,LDMC,0.5017525913691739,3
SG04,NA,78-1,NA,Mangifera odorata,NA,SLA,6.603810549919334,3
SG04,NA,78-1,NA,Mangifera odorata,NA,Th,0.281,3
SG04,NA,78-2,NA,Mangifera odorata,NA,Area_mm2,10020.761357855286,3
SG04,NA,78-2,NA,Mangifera odorata,NA,LDMC,0.45042471653750055,3
SG04,NA,78-2,NA,Mangifera odorata,NA,SLA,8.716626765304724,3
SG04,NA,78-2,NA,Mangifera odorata,NA,Th,0.24233333333333332,3
SG04,NA,78-3,NA,Mangifera odorata,NA,Area_mm2,13847.365427400535,3
SG04,NA,78-3,NA,Mangifera odorata,NA,LDMC,0.43587537128047044,3
SG04,NA,78-3,NA,Mangifera odorata,NA,SLA,7.326852973633215,3
SG04,NA,78-3,NA,Mangifera odorata,NA,Th,0.281,3
SG04,NA,79-1,NA,Ficus vasculosa,NA,Area_mm2,7302.807404893444,3
SG04,NA,79-1,NA,Ficus vasculosa,NA,LDMC,0.34493155059938885,3
SG04,NA,79-1,NA,Ficus vasculosa,NA,SLA,19.68196079551851,3
SG04,NA,79-1,NA,Ficus vasculosa,NA,Th,0.19233333333333333,3
SG04,NA,8-1,NA,Syzygium polyanthum,NA,Area_mm2,2510.8360868552695,3
SG04,NA,8-1,NA,Syzygium polyanthum,NA,LDMC,0.3918939755014316,3
SG04,NA,8-1,NA,Syzygium polyanthum,NA,SLA,11.440176130760198,3
SG04,NA,8-1,NA,Syzygium polyanthum,NA,Th,0.261,3
SG04,NA,8-2,NA,Syzygium polyanthum,NA,Area_mm2,4840.59965584935,3
SG04,NA,8-2,NA,Syzygium polyanthum,NA,LDMC,0.43351502211046566,3
SG04,NA,8-2,NA,Syzygium polyanthum,NA,SLA,12.143345618371828,3
SG04,NA,8-2,NA,Syzygium polyanthum,NA,Th,0.22333333333333333,3
SG04,NA,8-3,NA,Syzygium polyanthum,NA,Area_mm2,4816.30579753643,3
SG04,NA,8-3,NA,Syzygium polyanthum,NA,LDMC,0.48922213788661206,3
SG04,NA,8-3,NA,Syzygium polyanthum,NA,SLA,11.706139592166288,3
SG04,NA,8-3,NA,Syzygium polyanthum,NA,Th,0.212,3
SG04,NA,80-1,NA,Eurya acuminata,NA,Area_mm2,997.5392272797019,3
SG04,NA,80-1,NA,Eurya acuminata,NA,LDMC,0.5458474345509006,3
SG04,NA,80-1,NA,Eurya acuminata,NA,SLA,8.646458063005442,3
SG04,NA,80-1,NA,Eurya acuminata,NA,Th,0.22666666666666668,3
SG04,NA,80-2,NA,Eurya acuminata,NA,Area_mm2,2240.29421354895,3
SG04,NA,80-2,NA,Eurya acuminata,NA,LDMC,0.3985300104939665,3
SG04,NA,80-2,NA,Eurya acuminata,NA,SLA,16.245328365177244,3
SG04,NA,80-2,NA,Eurya acuminata,NA,Th,0.18866666666666668,3
SG04,NA,80-3,NA,Eurya acuminata,NA,Area_mm2,1888.0296837893848,3
SG04,NA,80-3,NA,Eurya acuminata,NA,LDMC,0.4566159348487926,3
SG04,NA,80-3,NA,Eurya acuminata,NA,SLA,16.17584983993949,3
SG04,NA,80-3,NA,Eurya acuminata,NA,Th,0.17433333333333334,3
SG04,NA,80-4,NA,Eurya acuminata,NA,Area_mm2,2165.6205274923905,3
SG04,NA,80-4,NA,Eurya acuminata,NA,LDMC,0.4851155711302255,3
SG04,NA,80-4,NA,Eurya acuminata,NA,SLA,20.69010771184653,3
SG04,NA,80-4,NA,Eurya acuminata,NA,Th,0.13466666666666668,3
SG04,NA,81-1,NA,Neolitsea cassia,NA,Area_mm2,3196.930296675947,3
SG04,NA,81-1,NA,Neolitsea cassia,NA,LDMC,0.5071657552362764,3
SG04,NA,81-1,NA,Neolitsea cassia,NA,SLA,8.987028147462976,3
SG04,NA,81-1,NA,Neolitsea cassia,NA,Th,0.24233333333333335,3
SG04,NA,81-2,NA,Neolitsea cassia,NA,Area_mm2,2847.9656408546275,3
SG04,NA,81-2,NA,Neolitsea cassia,NA,LDMC,0.4649024751602787,3
SG04,NA,81-2,NA,Neolitsea cassia,NA,SLA,10.487886980798354,3
SG04,NA,81-2,NA,Neolitsea cassia,NA,Th,0.23766666666666666,3
SG04,NA,81-3,NA,Neolitsea cassia,NA,Area_mm2,3075.195772665916,3
SG04,NA,81-3,NA,Neolitsea cassia,NA,LDMC,0.4584382224321116,3
SG04,NA,81-3,NA,Neolitsea cassia,NA,SLA,11.6045065814022,3
SG04,NA,81-3,NA,Neolitsea cassia,NA,Th,0.2366666666666667,3
SG04,NA,81-4,NA,Neolitsea cassia,NA,WD,0.5489151102666063,2
SG04,NA,82-1,NA,Macaranga hypoleuca,NA,Area_mm2,10246.641432624498,3
SG04,NA,82-1,NA,Macaranga hypoleuca,NA,LDMC,0.48495450881126906,3
SG04,NA,82-1,NA,Macaranga hypoleuca,NA,SLA,20.63871072782579,3
SG04,NA,82-1,NA,Macaranga hypoleuca,NA,Th,0.15566666666666668,3
SG04,NA,82-2,NA,Macaranga hypoleuca,NA,Area_mm2,14951.843509301698,3
SG04,NA,82-2,NA,Macaranga hypoleuca,NA,LDMC,0.5002884188160037,3
SG04,NA,82-2,NA,Macaranga hypoleuca,NA,SLA,19.217496593712795,3
SG04,NA,82-2,NA,Macaranga hypoleuca,NA,Th,0.19466666666666665,3
SG04,NA,82-3,NA,Macaranga hypoleuca,NA,Area_mm2,22996.733064817432,3
SG04,NA,82-3,NA,Macaranga hypoleuca,NA,LDMC,0.4618136911327578,3
SG04,NA,82-3,NA,Macaranga hypoleuca,NA,SLA,11.939117461263708,3
SG04,NA,82-3,NA,Macaranga hypoleuca,NA,Th,0.25766666666666665,3
SG04,NA,83-1,NA,Nephelium lappaceum,NA,Area_mm2,47572.39965627029,3
SG04,NA,83-1,NA,Nephelium lappaceum,NA,LDMC,0.4847967204351643,3
SG04,NA,83-1,NA,Nephelium lappaceum,NA,SLA,10.425111910427189,3
SG04,NA,83-1,NA,Nephelium lappaceum,NA,Th,0.20666666666666667,3
SG04,NA,83-2,NA,Nephelium lappaceum,NA,Area_mm2,36776.437934335736,3
SG04,NA,83-2,NA,Nephelium lappaceum,NA,LDMC,0.5531475153705357,3
SG04,NA,83-2,NA,Nephelium lappaceum,NA,SLA,9.52576928949528,3
SG04,NA,83-2,NA,Nephelium lappaceum,NA,Th,0.20666666666666667,3
SG04,NA,83-3,NA,Nephelium lappaceum,NA,Area_mm2,28952.295847347832,3
SG04,NA,83-3,NA,Nephelium lappaceum,NA,LDMC,0.5204231826182694,3
SG04,NA,83-3,NA,Nephelium lappaceum,NA,SLA,8.975068309139685,3
SG04,NA,83-3,NA,Nephelium lappaceum,NA,Th,0.22,3
SG04,NA,84-1,NA,Manihot carthagenesis,NA,Area_mm2,44476.54442663836,3
SG04,NA,84-1,NA,Manihot carthagenesis,NA,LDMC,0.277438564621573,3
SG04,NA,84-1,NA,Manihot carthagenesis,NA,SLA,29.78621146689649,3
SG04,NA,84-1,NA,Manihot carthagenesis,NA,Th,0.141,3
SG04,NA,84-2,NA,Manihot carthagenesis,NA,Area_mm2,29797.50085065141,3
SG04,NA,84-2,NA,Manihot carthagenesis,NA,LDMC,0.30320016615697454,3
SG04,NA,84-2,NA,Manihot carthagenesis,NA,SLA,26.342204080002812,3
SG04,NA,84-2,NA,Manihot carthagenesis,NA,Th,0.14766666666666667,3
SG04,NA,84-3,NA,Manihot carthagenesis,NA,Area_mm2,64569.304793947624,3
SG04,NA,84-3,NA,Manihot carthagenesis,NA,LDMC,0.27296436780542904,3
SG04,NA,84-3,NA,Manihot carthagenesis,NA,SLA,31.98398642312976,3
SG04,NA,84-3,NA,Manihot carthagenesis,NA,Th,0.14666666666666667,3
SG04,NA,84-4,NA,Manihot carthagenesis,NA,WD_twig,0.3443087237977805,1
SG04,NA,85-1,NA,Codiaeum variegatum,NA,Area_mm2,9684.984250379497,3
SG04,NA,85-1,NA,Codiaeum variegatum,NA,LDMC,0.2350122755880624,3
SG04,NA,85-1,NA,Codiaeum variegatum,NA,SLA,17.93682239366533,3
SG04,NA,85-1,NA,Codiaeum variegatum,NA,Th,0.26,3
SG04,NA,85-2,NA,Codiaeum variegatum,NA,Area_mm2,6282.317207898428,3
SG04,NA,85-2,NA,Codiaeum variegatum,NA,LDMC,0.2512867054073495,3
SG04,NA,85-2,NA,Codiaeum variegatum,NA,SLA,18.23440221504508,3
SG04,NA,85-2,NA,Codiaeum variegatum,NA,Th,0.25133333333333335,3
SG04,NA,85-3,NA,Codiaeum variegatum,NA,Area_mm2,9886.646930243482,3
SG04,NA,85-3,NA,Codiaeum variegatum,NA,LDMC,0.2854867608720908,3
SG04,NA,85-3,NA,Codiaeum variegatum,NA,SLA,14.831540734081228,3
SG04,NA,85-3,NA,Codiaeum variegatum,NA,Th,0.24533333333333332,3
SG04,NA,86-1,NA,Pipturus argenteus,NA,Area_mm2,3192.8705676237537,3
SG04,NA,86-1,NA,Pipturus argenteus,NA,LDMC,0.29097291513943163,3
SG04,NA,86-1,NA,Pipturus argenteus,NA,SLA,30.665208594564433,3
SG04,NA,86-1,NA,Pipturus argenteus,NA,Th,0.17333333333333334,3
SG04,NA,87-1,NA,Macaranga griffithiana,NA,Area_mm2,11493.874307206761,3
SG04,NA,87-1,NA,Macaranga griffithiana,NA,LDMC,0.44523111255843395,3
SG04,NA,87-1,NA,Macaranga griffithiana,NA,SLA,10.744008122752255,3
SG04,NA,87-1,NA,Macaranga griffithiana,NA,Th,0.25233333333333335,3
SG04,NA,87-2,NA,Macaranga griffithiana,NA,Area_mm2,10877.115681793084,3
SG04,NA,87-2,NA,Macaranga griffithiana,NA,LDMC,0.42685604725033766,3
SG04,NA,87-2,NA,Macaranga griffithiana,NA,SLA,11.134822920634338,3
SG04,NA,87-2,NA,Macaranga griffithiana,NA,Th,0.26333333333333336,3
SG04,NA,87-3,NA,Macaranga griffithiana,NA,Area_mm2,27466.991763432325,3
SG04,NA,87-3,NA,Macaranga griffithiana,NA,LDMC,0.43694346657883343,3
SG04,NA,87-3,NA,Macaranga griffithiana,NA,SLA,12.1734242501467,3
SG04,NA,87-3,NA,Macaranga griffithiana,NA,Th,0.209,3
SG04,NA,88-1,NA,Sandoricum koetjape,NA,Area_mm2,24825.54422883018,3
SG04,NA,88-1,NA,Sandoricum koetjape,NA,LDMC,0.2706722001524564,3
SG04,NA,88-1,NA,Sandoricum koetjape,NA,SLA,24.22715752763658,3
SG04,NA,88-1,NA,Sandoricum koetjape,NA,Th,0.18766666666666668,3
SG04,NA,88-2,NA,Sandoricum koetjape,NA,Area_mm2,60863.51290855712,3
SG04,NA,88-2,NA,Sandoricum koetjape,NA,LDMC,0.317060995060143,3
SG04,NA,88-2,NA,Sandoricum koetjape,NA,SLA,15.359781772387889,3
SG04,NA,88-2,NA,Sandoricum koetjape,NA,Th,0.21666666666666667,3
SG04,NA,89-1,NA,Syzygium borneense,NA,Area_mm2,5848.934560502689,3
SG04,NA,89-1,NA,Syzygium borneense,NA,LDMC,0.3906909615965257,3
SG04,NA,89-1,NA,Syzygium borneense,NA,SLA,11.9246804885729,3
SG04,NA,89-1,NA,Syzygium borneense,NA,Th,0.229,3
SG04,NA,9-1,NA,Melastoma malabathricum,NA,Area_mm2,1389.283964964438,4
SG04,NA,9-1,NA,Melastoma malabathricum,NA,LDMC,0.3358082275098211,4
SG04,NA,9-1,NA,Melastoma malabathricum,NA,SLA,10.198162185011817,4
SG04,NA,9-1,NA,Melastoma malabathricum,NA,Th,0.3665,4
SG04,NA,9-2,NA,Melastoma malabathricum,NA,Area_mm2,2230.972846254891,3
SG04,NA,9-2,NA,Melastoma malabathricum,NA,LDMC,0.3448649870783973,3
SG04,NA,9-2,NA,Melastoma malabathricum,NA,SLA,13.498480373888494,3
SG04,NA,9-2,NA,Melastoma malabathricum,NA,Th,0.2743333333333333,3
SG04,NA,9-3,NA,Melastoma malabathricum,NA,Area_mm2,7499.447394664604,3
SG04,NA,9-3,NA,Melastoma malabathricum,NA,LDMC,0.3259026351548174,3
SG04,NA,9-3,NA,Melastoma malabathricum,NA,SLA,11.67294037276584,3
SG04,NA,9-3,NA,Melastoma malabathricum,NA,Th,0.264,3
SG04,NA,9-4,NA,Melastoma malabathricum,NA,Area_mm2,1849.6259372756406,3
SG04,NA,9-4,NA,Melastoma malabathricum,NA,LDMC,0.3623655696581677,3
SG04,NA,9-4,NA,Melastoma malabathricum,NA,SLA,14.883287739959757,3
SG04,NA,9-4,NA,Melastoma malabathricum,NA,Th,0.22566666666666668,3
SG04,NA,9-5,NA,Melastoma malabathricum,NA,Area_mm2,1801.289116206294,3
SG04,NA,9-5,NA,Melastoma malabathricum,NA,LDMC,0.27379991450438035,3
SG04,NA,9-5,NA,Melastoma malabathricum,NA,SLA,16.97166630579947,3
SG04,NA,9-5,NA,Melastoma malabathricum,NA,Th,0.27566666666666667,3
SG04,NA,9-6,NA,Melastoma malabathricum,NA,Area_mm2,3867.5334979943473,3
SG04,NA,9-6,NA,Melastoma malabathricum,NA,LDMC,0.294055485363022,3
SG04,NA,9-6,NA,Melastoma malabathricum,NA,SLA,17.41351092542036,3
SG04,NA,9-6,NA,Melastoma malabathricum,NA,Th,0.25566666666666665,3
SG04,NA,90-1,NA,Calophyllum ferrugineum,NA,Area_mm2,5484.196937363225,3
SG04,NA,90-1,NA,Calophyllum ferrugineum,NA,LDMC,0.41304024454405247,3
SG04,NA,90-1,NA,Calophyllum ferrugineum,NA,SLA,9.783759262786779,3
SG04,NA,90-1,NA,Calophyllum ferrugineum,NA,Th,0.2733333333333334,3
SG04,NA,90-2,NA,Calophyllum ferrugineum,NA,WD_twig,0.5759103020066372,2
SG04,NA,91-1,NA,Calophyllum rubiginosum,NA,Area_mm2,3910.7639971187036,3
SG04,NA,91-1,NA,Calophyllum rubiginosum,NA,LDMC,0.455541525449516,3
SG04,NA,91-1,NA,Calophyllum rubiginosum,NA,SLA,12.601128139111273,3
SG04,NA,91-1,NA,Calophyllum rubiginosum,NA,Th,0.22,3
SG04,NA,91-2,NA,Calophyllum rubiginosum,NA,Area_mm2,8753.903671792352,3
SG04,NA,91-2,NA,Calophyllum rubiginosum,NA,LDMC,0.4442296797847521,3
SG04,NA,91-2,NA,Calophyllum rubiginosum,NA,SLA,13.37602117219551,3
SG04,NA,91-2,NA,Calophyllum rubiginosum,NA,Th,0.22433333333333333,3
SG04,NA,91-3,NA,Calophyllum rubiginosum,NA,WD_twig,0.6006132423670962,2
SG04,NA,92-1,NA,Clerodendrum paniculatum,NA,Area_mm2,47764.23439876425,3
SG04,NA,92-1,NA,Clerodendrum paniculatum,NA,LDMC,0.21359054986273154,3
SG04,NA,92-1,NA,Clerodendrum paniculatum,NA,SLA,26.34858096122895,3
SG04,NA,92-1,NA,Clerodendrum paniculatum,NA,Th,0.18333333333333335,3
SG04,NA,92-2,NA,Clerodendrum paniculatum,NA,Area_mm2,66970.28924824463,3
SG04,NA,92-2,NA,Clerodendrum paniculatum,NA,LDMC,0.26153592371327994,3
SG04,NA,92-2,NA,Clerodendrum paniculatum,NA,SLA,20.77689877500514,3
SG04,NA,92-2,NA,Clerodendrum paniculatum,NA,Th,0.19466666666666668,3
SG04,NA,92-3,NA,Clerodendrum paniculatum,NA,Area_mm2,42482.08723726646,3
SG04,NA,92-3,NA,Clerodendrum paniculatum,NA,LDMC,0.17682249803581382,3
SG04,NA,92-3,NA,Clerodendrum paniculatum,NA,SLA,38.42538220025377,3
SG04,NA,92-3,NA,Clerodendrum paniculatum,NA,Th,0.151,3
SG04,NA,92-4,NA,Clerodendrum paniculatum,NA,WD,0.31028650074403336,2
SG04,NA,93-1,NA,Alstonia angustiloba,NA,Area_mm2,5425.093112698126,3
SG04,NA,93-1,NA,Alstonia angustiloba,NA,LDMC,0.2773817454204864,3
SG04,NA,93-1,NA,Alstonia angustiloba,NA,SLA,23.790662110085112,3
SG04,NA,93-1,NA,Alstonia angustiloba,NA,Th,0.22433333333333333,3
SG04,NA,93-2,NA,Alstonia angustiloba,NA,Area_mm2,7224.367896008011,3
SG04,NA,93-2,NA,Alstonia angustiloba,NA,LDMC,0.29006030357222334,3
SG04,NA,93-2,NA,Alstonia angustiloba,NA,SLA,17.495763795124432,3
SG04,NA,93-2,NA,Alstonia angustiloba,NA,Th,0.2856666666666667,3
SG04,NA,93-3,NA,Alstonia angustiloba,NA,Area_mm2,12313.12476256159,3
SG04,NA,93-3,NA,Alstonia angustiloba,NA,LDMC,0.2572347326660811,3
SG04,NA,93-3,NA,Alstonia angustiloba,NA,SLA,24.168181232465486,3
SG04,NA,93-3,NA,Alstonia angustiloba,NA,Th,0.23433333333333334,3
SG04,NA,94-1,NA,Carallia brachiata,NA,Area_mm2,2524.556489573159,3
SG04,NA,94-1,NA,Carallia brachiata,NA,LDMC,0.3531165622439066,3
SG04,NA,94-1,NA,Carallia brachiata,NA,SLA,11.8230170417452,3
SG04,NA,94-1,NA,Carallia brachiata,NA,Th,0.31666666666666665,3
SG04,NA,95-1,NA,Maclurodendron porteri,NA,Area_mm2,9808.6208016558885,3
SG04,NA,95-1,NA,Maclurodendron porteri,NA,LDMC,0.24111685127302182,3
SG04,NA,95-1,NA,Maclurodendron porteri,NA,SLA,17.870074421146278,3
SG04,NA,95-1,NA,Maclurodendron porteri,NA,Th,0.281,3
SG04,NA,95-2,NA,Maclurodendron porteri,NA,Area_mm2,6738.5576352313565,3
SG04,NA,95-2,NA,Maclurodendron porteri,NA,LDMC,0.22778643623499364,3
SG04,NA,95-2,NA,Maclurodendron porteri,NA,SLA,18.962845381184366,3
SG04,NA,95-2,NA,Maclurodendron porteri,NA,Th,0.272,3
SG04,NA,95-3,NA,Maclurodendron porteri,NA,Area_mm2,6706.0702448878465,3
SG04,NA,95-3,NA,Maclurodendron porteri,NA,LDMC,0.22934945312307722,3
SG04,NA,95-3,NA,Maclurodendron porteri,NA,SLA,19.37101045378235,3
SG04,NA,95-3,NA,Maclurodendron porteri,NA,Th,0.292,3
SG04,NA,96-1,NA,Pellacalyx axillaris,NA,Area_mm2,7942.55284224479,3
SG04,NA,96-1,NA,Pellacalyx axillaris,NA,LDMC,0.28442830768491406,3
SG04,NA,96-1,NA,Pellacalyx axillaris,NA,SLA,18.622258584483355,3
SG04,NA,96-1,NA,Pellacalyx axillaris,NA,Th,0.20666666666666667,3
SG04,NA,96-2,NA,Pellacalyx axillaris,NA,Area_mm2,8216.265557488872,3
SG04,NA,96-2,NA,Pellacalyx axillaris,NA,LDMC,0.3286051546937922,3
SG04,NA,96-2,NA,Pellacalyx axillaris,NA,SLA,14.209690266570929,3
SG04,NA,96-2,NA,Pellacalyx axillaris,NA,Th,0.26566666666666666,3
SG04,NA,96-3,NA,Pellacalyx axillaris,NA,Area_mm2,8718.599082771658,3
SG04,NA,96-3,NA,Pellacalyx axillaris,NA,LDMC,0.2694811528215721,3
SG04,NA,96-3,NA,Pellacalyx axillaris,NA,SLA,19.057679835967836,3
SG04,NA,96-3,NA,Pellacalyx axillaris,NA,Th,0.232,3
SG04,NA,97-1,NA,Cyathocalyx ramuliflorus,NA,Area_mm2,17958.250888821913,3
SG04,NA,97-1,NA,Cyathocalyx ramuliflorus,NA,LDMC,0.41879918053706644,3
SG04,NA,97-1,NA,Cyathocalyx ramuliflorus,NA,SLA,13.52201026877772,3
SG04,NA,97-1,NA,Cyathocalyx ramuliflorus,NA,Th,0.23033333333333333,3
SG04,NA,98-1,NA,Xanthophyllum affine,NA,Area_mm2,8131.749597173347,3
SG04,NA,98-1,NA,Xanthophyllum affine,NA,LDMC,0.425529823404616,3
SG04,NA,98-1,NA,Xanthophyllum affine,NA,SLA,13.50512047187618,3
SG04,NA,98-1,NA,Xanthophyllum affine,NA,Th,0.209,3
SG04,NA,98-2,NA,Xanthophyllum affine,NA,Area_mm2,7688.82813966792,3
SG04,NA,98-2,NA,Xanthophyllum affine,NA,LDMC,0.38194444584609255,3
SG04,NA,98-2,NA,Xanthophyllum affine,NA,SLA,13.193827752449273,3
SG04,NA,98-2,NA,Xanthophyllum affine,NA,Th,0.23133333333333334,3
SG04,NA,99-1,NA,Pternandra caerulescens,NA,Area_mm2,5287.654916333171,3
SG04,NA,99-1,NA,Pternandra caerulescens,NA,LDMC,0.32753477905926603,3
SG04,NA,99-1,NA,Pternandra caerulescens,NA,SLA,11.725910581029595,3
SG04,NA,99-1,NA,Pternandra caerulescens,NA,Th,0.29,3
SG04,NA,99-2,NA,Pternandra caerulescens,NA,Area_mm2,5895.969114159766,3
SG04,NA,99-2,NA,Pternandra caerulescens,NA,LDMC,0.28291036585297696,3
SG04,NA,99-2,NA,Pternandra caerulescens,NA,SLA,15.147766873529305,3
SG04,NA,99-2,NA,Pternandra caerulescens,NA,Th,0.25,3
SG04,NA,99-3,NA,Pternandra caerulescens,NA,Area_mm2,2691.191760269338,3
SG04,NA,99-3,NA,Pternandra caerulescens,NA,LDMC,0.3019921761400313,3
SG04,NA,99-3,NA,Pternandra caerulescens,NA,SLA,15.333439902003066,3
SG04,NA,99-3,NA,Pternandra caerulescens,NA,Th,0.23666666666666666,3
SG04,NA,CF-1,NA,Cratoxylum formosum,NA,WD_twig,0.6966393278655731,1
